,Country_Region,Confirmed,Deaths,Recovered,Active,date
0,Georgia,1.0,0.0,0.0,1.0,02-26-2020
1,Georgia,1.0,0.0,0.0,1.0,02-27-2020
2,Georgia,1.0,0.0,0.0,1.0,02-28-2020
3,Georgia,1.0,0.0,0.0,1.0,02-29-2020
4,Azerbaijan,3.0,0.0,0.0,3.0,03-01-2020
5,Georgia,3.0,0.0,0.0,3.0,03-01-2020
6,Armenia,1.0,0.0,0.0,1.0,03-01-2020
7,Azerbaijan,3.0,0.0,0.0,3.0,03-02-2020
8,Georgia,3.0,0.0,0.0,3.0,03-02-2020
9,Armenia,1.0,0.0,0.0,1.0,03-02-2020
10,Azerbaijan,3.0,0.0,0.0,3.0,03-03-2020
11,Georgia,3.0,0.0,0.0,3.0,03-03-2020
12,Armenia,1.0,0.0,0.0,1.0,03-03-2020
13,Azerbaijan,3.0,0.0,0.0,3.0,03-04-2020
14,Georgia,3.0,0.0,0.0,3.0,03-04-2020
15,Armenia,1.0,0.0,0.0,1.0,03-04-2020
16,Azerbaijan,6.0,0.0,0.0,6.0,03-05-2020
17,Georgia,4.0,0.0,0.0,4.0,03-05-2020
18,Armenia,1.0,0.0,0.0,1.0,03-05-2020
19,Azerbaijan,6.0,0.0,0.0,6.0,03-06-2020
20,Georgia,4.0,0.0,0.0,4.0,03-06-2020
21,Armenia,1.0,0.0,0.0,1.0,03-06-2020
22,Azerbaijan,9.0,0.0,0.0,9.0,03-07-2020
23,Georgia,4.0,0.0,0.0,4.0,03-07-2020
24,Armenia,1.0,0.0,0.0,1.0,03-07-2020
25,Georgia,13.0,0.0,0.0,13.0,03-08-2020
26,Azerbaijan,9.0,0.0,0.0,9.0,03-08-2020
27,Armenia,1.0,0.0,0.0,1.0,03-08-2020
28,Georgia,15.0,0.0,0.0,15.0,03-09-2020
29,Azerbaijan,9.0,0.0,0.0,9.0,03-09-2020
30,Armenia,1.0,0.0,0.0,1.0,03-09-2020
31,Georgia,15.0,0.0,0.0,15.0,03-10-2020
32,Azerbaijan,11.0,0.0,0.0,11.0,03-10-2020
33,Armenia,1.0,0.0,0.0,1.0,03-10-2020
34,Georgia,24.0,0.0,0.0,24.0,03-11-2020
35,Azerbaijan,11.0,0.0,3.0,8.0,03-11-2020
36,Armenia,1.0,0.0,0.0,1.0,03-11-2020
37,Georgia,24.0,0.0,0.0,24.0,03-12-2020
38,Azerbaijan,11.0,0.0,3.0,8.0,03-12-2020
39,Armenia,4.0,0.0,0.0,4.0,03-12-2020
40,Georgia,25.0,0.0,0.0,25.0,03-13-2020
41,Azerbaijan,15.0,1.0,3.0,11.0,03-13-2020
42,Armenia,8.0,0.0,0.0,8.0,03-13-2020
43,Kazakhstan,4.0,0.0,0.0,4.0,03-13-2020
44,Georgia,30.0,0.0,0.0,30.0,03-14-2020
45,Armenia,18.0,0.0,0.0,18.0,03-14-2020
46,Azerbaijan,15.0,1.0,3.0,11.0,03-14-2020
47,Kazakhstan,6.0,0.0,0.0,6.0,03-14-2020
48,Georgia,33.0,0.0,0.0,33.0,03-15-2020
49,Armenia,26.0,0.0,0.0,26.0,03-15-2020
50,Azerbaijan,23.0,1.0,6.0,16.0,03-15-2020
51,Kazakhstan,9.0,0.0,0.0,9.0,03-15-2020
52,Uzbekistan,1.0,0.0,0.0,1.0,03-15-2020
53,Armenia,52.0,0.0,0.0,52.0,03-16-2020
54,Georgia,33.0,0.0,1.0,32.0,03-16-2020
55,Azerbaijan,15.0,1.0,6.0,8.0,03-16-2020
56,Kazakhstan,10.0,0.0,0.0,10.0,03-16-2020
57,Uzbekistan,6.0,0.0,0.0,6.0,03-16-2020
58,Armenia,78.0,0.0,1.0,77.0,03-17-2020
59,Georgia,34.0,0.0,1.0,33.0,03-17-2020
60,Kazakhstan,33.0,0.0,0.0,33.0,03-17-2020
61,Azerbaijan,28.0,1.0,6.0,21.0,03-17-2020
62,Uzbekistan,10.0,0.0,0.0,10.0,03-17-2020
63,Armenia,84.0,0.0,1.0,83.0,03-18-2020
64,Georgia,38.0,0.0,1.0,37.0,03-18-2020
65,Kazakhstan,35.0,0.0,0.0,35.0,03-18-2020
66,Azerbaijan,28.0,1.0,6.0,21.0,03-18-2020
67,Uzbekistan,15.0,0.0,0.0,15.0,03-18-2020
68,Kyrgyzstan,3.0,0.0,0.0,3.0,03-18-2020
69,Armenia,115.0,0.0,1.0,114.0,03-19-2020
70,Azerbaijan,44.0,1.0,6.0,37.0,03-19-2020
71,Kazakhstan,44.0,0.0,0.0,44.0,03-19-2020
72,Georgia,40.0,0.0,1.0,39.0,03-19-2020
73,Uzbekistan,23.0,0.0,0.0,23.0,03-19-2020
74,Kyrgyzstan,3.0,0.0,0.0,3.0,03-19-2020
75,Armenia,136.0,0.0,1.0,135.0,03-20-2020
76,Kazakhstan,49.0,3.0,0.0,46.0,03-20-2020
77,Azerbaijan,44.0,1.0,6.0,37.0,03-20-2020
78,Georgia,43.0,0.0,1.0,42.0,03-20-2020
79,Uzbekistan,33.0,0.0,0.0,33.0,03-20-2020
80,Kyrgyzstan,6.0,0.0,0.0,6.0,03-20-2020
81,Armenia,160.0,0.0,1.0,159.0,03-21-2020
82,Azerbaijan,53.0,1.0,11.0,41.0,03-21-2020
83,Kazakhstan,53.0,0.0,0.0,53.0,03-21-2020
84,Georgia,49.0,0.0,1.0,48.0,03-21-2020
85,Uzbekistan,43.0,0.0,0.0,43.0,03-21-2020
86,Kyrgyzstan,14.0,0.0,0.0,14.0,03-21-2020
87,Armenia,194.0,0.0,2.0,192.0,03-22-2020
88,Azerbaijan,65.0,1.0,11.0,53.0,03-22-2020
89,Kazakhstan,59.0,0.0,0.0,59.0,03-22-2020
90,Georgia,54.0,0.0,1.0,53.0,03-22-2020
91,Uzbekistan,43.0,0.0,0.0,43.0,03-22-2020
92,Kyrgyzstan,14.0,0.0,0.0,14.0,03-22-2020
93,Armenia,235.0,0.0,2.0,233.0,03-23-2020
94,Azerbaijan,72.0,1.0,10.0,61.0,03-23-2020
95,Georgia,61.0,0.0,8.0,53.0,03-23-2020
96,Kazakhstan,62.0,0.0,0.0,62.0,03-23-2020
97,Kyrgyzstan,16.0,0.0,0.0,16.0,03-23-2020
98,Uzbekistan,46.0,0.0,0.0,46.0,03-23-2020
99,Armenia,249.0,0.0,14.0,235.0,03-24-2020
100,Azerbaijan,87.0,1.0,10.0,76.0,03-24-2020
101,Georgia,70.0,0.0,9.0,61.0,03-24-2020
102,Kazakhstan,72.0,0.0,0.0,72.0,03-24-2020
103,Kyrgyzstan,42.0,0.0,0.0,42.0,03-24-2020
104,Uzbekistan,50.0,0.0,0.0,50.0,03-24-2020
105,Armenia,265.0,0.0,16.0,249.0,03-25-2020
106,Azerbaijan,93.0,2.0,10.0,81.0,03-25-2020
107,Georgia,75.0,0.0,10.0,65.0,03-25-2020
108,Kazakhstan,81.0,0.0,0.0,81.0,03-25-2020
109,Kyrgyzstan,44.0,0.0,0.0,44.0,03-25-2020
110,Uzbekistan,60.0,0.0,0.0,60.0,03-25-2020
111,Armenia,290.0,1.0,18.0,271.0,03-26-2020
112,Azerbaijan,122.0,3.0,15.0,104.0,03-26-2020
113,Georgia,79.0,0.0,11.0,68.0,03-26-2020
114,Kazakhstan,111.0,1.0,2.0,108.0,03-26-2020
115,Kyrgyzstan,44.0,0.0,0.0,44.0,03-26-2020
116,Uzbekistan,75.0,0.0,0.0,75.0,03-26-2020
117,Armenia,329.0,1.0,28.0,300.0,03-27-2020
118,Azerbaijan,165.0,3.0,15.0,147.0,03-27-2020
119,Georgia,83.0,0.0,14.0,69.0,03-27-2020
120,Kazakhstan,150.0,1.0,3.0,146.0,03-27-2020
121,Kyrgyzstan,58.0,0.0,0.0,58.0,03-27-2020
122,Uzbekistan,88.0,1.0,5.0,82.0,03-27-2020
123,Armenia,407.0,1.0,30.0,376.0,03-28-2020
124,Azerbaijan,182.0,4.0,15.0,163.0,03-28-2020
125,Georgia,90.0,0.0,14.0,76.0,03-28-2020
126,Kazakhstan,228.0,1.0,16.0,211.0,03-28-2020
127,Kyrgyzstan,58.0,0.0,0.0,58.0,03-28-2020
128,Uzbekistan,104.0,2.0,5.0,97.0,03-28-2020
129,Armenia,424.0,3.0,30.0,391.0,03-29-2020
130,Azerbaijan,209.0,4.0,15.0,190.0,03-29-2020
131,Georgia,91.0,0.0,18.0,73.0,03-29-2020
132,Kazakhstan,284.0,1.0,20.0,263.0,03-29-2020
133,Kyrgyzstan,84.0,0.0,0.0,84.0,03-29-2020
134,Uzbekistan,144.0,2.0,7.0,135.0,03-29-2020
135,Armenia,482.0,3.0,30.0,449.0,03-30-2020
136,Azerbaijan,273.0,4.0,26.0,243.0,03-30-2020
137,Georgia,103.0,0.0,20.0,83.0,03-30-2020
138,Kazakhstan,302.0,1.0,21.0,280.0,03-30-2020
139,Kyrgyzstan,94.0,0.0,3.0,91.0,03-30-2020
140,Uzbekistan,149.0,2.0,7.0,140.0,03-30-2020
141,Armenia,532.0,3.0,30.0,499.0,03-31-2020
142,Azerbaijan,298.0,5.0,26.0,267.0,03-31-2020
143,Georgia,110.0,0.0,21.0,89.0,03-31-2020
144,Kazakhstan,343.0,2.0,24.0,317.0,03-31-2020
145,Kyrgyzstan,107.0,0.0,3.0,104.0,03-31-2020
146,Uzbekistan,172.0,2.0,7.0,163.0,03-31-2020
147,Armenia,571.0,4.0,31.0,536.0,04-01-2020
148,Azerbaijan,359.0,5.0,26.0,328.0,04-01-2020
149,Georgia,117.0,0.0,23.0,94.0,04-01-2020
150,Kazakhstan,380.0,3.0,26.0,351.0,04-01-2020
151,Kyrgyzstan,111.0,0.0,3.0,108.0,04-01-2020
152,Uzbekistan,181.0,2.0,12.0,167.0,04-01-2020
153,Armenia,663.0,7.0,33.0,623.0,04-02-2020
154,Azerbaijan,400.0,5.0,26.0,369.0,04-02-2020
155,Georgia,134.0,0.0,26.0,108.0,04-02-2020
156,Kazakhstan,435.0,3.0,27.0,405.0,04-02-2020
157,Kyrgyzstan,116.0,0.0,5.0,111.0,04-02-2020
158,Uzbekistan,205.0,2.0,25.0,178.0,04-02-2020
159,Armenia,736.0,7.0,43.0,686.0,04-03-2020
160,Azerbaijan,443.0,5.0,32.0,406.0,04-03-2020
161,Georgia,155.0,0.0,28.0,127.0,04-03-2020
162,Kazakhstan,464.0,6.0,29.0,429.0,04-03-2020
163,Kyrgyzstan,130.0,1.0,6.0,123.0,04-03-2020
164,Uzbekistan,227.0,2.0,25.0,200.0,04-03-2020
165,Armenia,770.0,7.0,43.0,720.0,04-04-2020
166,Azerbaijan,521.0,5.0,32.0,484.0,04-04-2020
167,Georgia,162.0,1.0,36.0,125.0,04-04-2020
168,Kazakhstan,531.0,5.0,36.0,490.0,04-04-2020
169,Kyrgyzstan,144.0,1.0,9.0,134.0,04-04-2020
170,Uzbekistan,266.0,2.0,25.0,239.0,04-04-2020
171,Armenia,822.0,7.0,57.0,758.0,04-05-2020
172,Azerbaijan,584.0,7.0,32.0,545.0,04-05-2020
173,Georgia,174.0,2.0,36.0,136.0,04-05-2020
174,Kazakhstan,584.0,6.0,42.0,536.0,04-05-2020
175,Kyrgyzstan,147.0,1.0,9.0,137.0,04-05-2020
176,Uzbekistan,342.0,2.0,30.0,310.0,04-05-2020
177,Armenia,833.0,8.0,62.0,763.0,04-06-2020
178,Azerbaijan,641.0,7.0,44.0,590.0,04-06-2020
179,Georgia,188.0,2.0,39.0,147.0,04-06-2020
180,Kazakhstan,662.0,6.0,46.0,610.0,04-06-2020
181,Kyrgyzstan,216.0,4.0,33.0,179.0,04-06-2020
182,Uzbekistan,457.0,2.0,30.0,425.0,04-06-2020
183,Armenia,853.0,8.0,87.0,758.0,04-07-2020
184,Azerbaijan,717.0,8.0,44.0,665.0,04-07-2020
185,Georgia,196.0,3.0,46.0,147.0,04-07-2020
186,Kazakhstan,697.0,6.0,51.0,640.0,04-07-2020
187,Kyrgyzstan,228.0,4.0,33.0,191.0,04-07-2020
188,Uzbekistan,520.0,2.0,30.0,488.0,04-07-2020
189,Armenia,881.0,9.0,114.0,758.0,04-08-2020
190,Azerbaijan,822.0,8.0,63.0,751.0,04-08-2020
191,Georgia,211.0,3.0,50.0,158.0,04-08-2020
192,Kazakhstan,727.0,7.0,54.0,666.0,04-08-2020
193,Kyrgyzstan,270.0,4.0,33.0,233.0,04-08-2020
194,Uzbekistan,545.0,3.0,30.0,512.0,04-08-2020
195,Armenia,921.0,10.0,138.0,773.0,04-09-2020
196,Azerbaijan,926.0,9.0,101.0,816.0,04-09-2020
197,Georgia,218.0,3.0,51.0,164.0,04-09-2020
198,Kazakhstan,781.0,8.0,60.0,713.0,04-09-2020
199,Kyrgyzstan,280.0,4.0,35.0,241.0,04-09-2020
200,Uzbekistan,582.0,3.0,38.0,541.0,04-09-2020
201,Armenia,937.0,12.0,149.0,776.0,04-10-2020
202,Azerbaijan,991.0,10.0,159.0,822.0,04-10-2020
203,Georgia,234.0,3.0,54.0,177.0,04-10-2020
204,Kazakhstan,812.0,10.0,64.0,738.0,04-10-2020
205,Kyrgyzstan,298.0,5.0,35.0,258.0,04-10-2020
206,Uzbekistan,624.0,3.0,42.0,579.0,04-10-2020
207,Armenia,967.0,13.0,173.0,781.0,04-11-2020
208,Azerbaijan,1058.0,11.0,200.0,847.0,04-11-2020
209,Georgia,242.0,3.0,60.0,179.0,04-11-2020
210,Kazakhstan,865.0,10.0,81.0,774.0,04-11-2020
211,Kyrgyzstan,339.0,5.0,44.0,290.0,04-11-2020
212,Uzbekistan,767.0,4.0,42.0,721.0,04-11-2020
213,Armenia,1013.0,13.0,197.0,803.0,04-12-2020
214,Azerbaijan,1098.0,11.0,250.0,837.0,04-12-2020
215,Georgia,257.0,3.0,67.0,187.0,04-12-2020
216,Kazakhstan,951.0,10.0,99.0,842.0,04-12-2020
217,Kyrgyzstan,377.0,5.0,54.0,318.0,04-12-2020
218,Uzbekistan,865.0,4.0,66.0,795.0,04-12-2020
219,Armenia,1039.0,14.0,211.0,814.0,04-13-2020
220,Azerbaijan,1148.0,12.0,289.0,847.0,04-13-2020
221,Georgia,272.0,3.0,68.0,201.0,04-13-2020
222,Kazakhstan,1091.0,12.0,138.0,941.0,04-13-2020
223,Kyrgyzstan,419.0,5.0,67.0,347.0,04-13-2020
224,Uzbekistan,998.0,4.0,85.0,909.0,04-13-2020
225,Armenia,1067.0,16.0,265.0,786.0,04-14-2020
226,Azerbaijan,1197.0,13.0,351.0,833.0,04-14-2020
227,Georgia,300.0,3.0,69.0,228.0,04-14-2020
228,Kazakhstan,1232.0,14.0,203.0,1015.0,04-14-2020
229,Kyrgyzstan,430.0,5.0,71.0,354.0,04-14-2020
230,Uzbekistan,1165.0,4.0,99.0,1062.0,04-14-2020
231,Armenia,1111.0,17.0,297.0,797.0,04-15-2020
232,Azerbaijan,1253.0,13.0,404.0,836.0,04-15-2020
233,Georgia,306.0,3.0,71.0,232.0,04-15-2020
234,Kazakhstan,1295.0,16.0,240.0,1039.0,04-15-2020
235,Kyrgyzstan,449.0,5.0,78.0,366.0,04-15-2020
236,Uzbekistan,1302.0,4.0,107.0,1191.0,04-15-2020
237,Armenia,1159.0,18.0,358.0,783.0,04-16-2020
238,Azerbaijan,1283.0,15.0,460.0,808.0,04-16-2020
239,Georgia,348.0,3.0,76.0,269.0,04-16-2020
240,Kazakhstan,1402.0,17.0,277.0,1108.0,04-16-2020
241,Kyrgyzstan,466.0,5.0,91.0,370.0,04-16-2020
242,Uzbekistan,1349.0,4.0,129.0,1216.0,04-16-2020
243,Armenia,1201.0,19.0,402.0,780.0,04-17-2020
244,Azerbaijan,1340.0,15.0,528.0,797.0,04-17-2020
245,Georgia,370.0,3.0,79.0,288.0,04-17-2020
246,Kazakhstan,1546.0,17.0,347.0,1182.0,04-17-2020
247,Kyrgyzstan,489.0,5.0,114.0,370.0,04-17-2020
248,Uzbekistan,1405.0,4.0,156.0,1245.0,04-17-2020
249,Armenia,1248.0,20.0,523.0,705.0,04-18-2020
250,Azerbaijan,1373.0,18.0,590.0,765.0,04-18-2020
251,Georgia,388.0,4.0,86.0,298.0,04-18-2020
252,Kazakhstan,1615.0,17.0,377.0,1221.0,04-18-2020
253,Kyrgyzstan,506.0,5.0,130.0,371.0,04-18-2020
254,Uzbekistan,1490.0,5.0,194.0,1291.0,04-18-2020
255,Armenia,1291.0,20.0,545.0,726.0,04-19-2020
256,Azerbaijan,1398.0,19.0,712.0,667.0,04-19-2020
257,Georgia,394.0,4.0,93.0,297.0,04-19-2020
258,Kazakhstan,1676.0,17.0,400.0,1259.0,04-19-2020
259,Kyrgyzstan,554.0,5.0,133.0,416.0,04-19-2020
260,Uzbekistan,1565.0,5.0,225.0,1335.0,04-19-2020
261,Armenia,1339.0,22.0,580.0,737.0,04-20-2020
262,Azerbaijan,1436.0,19.0,791.0,626.0,04-20-2020
263,Georgia,402.0,4.0,95.0,303.0,04-20-2020
264,Kazakhstan,1852.0,19.0,447.0,1386.0,04-20-2020
265,Kyrgyzstan,568.0,7.0,201.0,360.0,04-20-2020
266,Uzbekistan,1627.0,5.0,261.0,1361.0,04-20-2020
267,Armenia,1401.0,24.0,609.0,768.0,04-21-2020
268,Azerbaijan,1480.0,20.0,865.0,595.0,04-21-2020
269,Georgia,408.0,4.0,97.0,307.0,04-21-2020
270,Kazakhstan,1995.0,19.0,489.0,1487.0,04-21-2020
271,Kyrgyzstan,590.0,7.0,216.0,367.0,04-21-2020
272,Uzbekistan,1678.0,6.0,357.0,1315.0,04-21-2020
273,Armenia,1473.0,24.0,633.0,816.0,04-22-2020
274,Azerbaijan,1518.0,20.0,907.0,591.0,04-22-2020
275,Georgia,416.0,5.0,107.0,304.0,04-22-2020
276,Kazakhstan,2135.0,19.0,515.0,1601.0,04-22-2020
277,Kyrgyzstan,612.0,7.0,254.0,351.0,04-22-2020
278,Uzbekistan,1716.0,7.0,450.0,1259.0,04-22-2020
279,Armenia,1523.0,24.0,659.0,840.0,04-23-2020
280,Azerbaijan,1548.0,20.0,948.0,580.0,04-23-2020
281,Georgia,425.0,5.0,111.0,309.0,04-23-2020
282,Kazakhstan,2289.0,20.0,560.0,1709.0,04-23-2020
283,Kyrgyzstan,631.0,8.0,302.0,321.0,04-23-2020
284,Uzbekistan,1758.0,7.0,561.0,1190.0,04-23-2020
285,Armenia,1596.0,27.0,728.0,841.0,04-24-2020
286,Azerbaijan,1592.0,21.0,1013.0,558.0,04-24-2020
287,Georgia,444.0,5.0,132.0,307.0,04-24-2020
288,Kazakhstan,2482.0,25.0,604.0,1853.0,04-24-2020
289,Kyrgyzstan,665.0,8.0,345.0,312.0,04-24-2020
290,Uzbekistan,1804.0,8.0,621.0,1175.0,04-24-2020
291,Armenia,1677.0,28.0,803.0,846.0,04-25-2020
292,Azerbaijan,1617.0,21.0,1080.0,516.0,04-25-2020
293,Georgia,456.0,5.0,139.0,312.0,04-25-2020
294,Kazakhstan,2601.0,25.0,646.0,1930.0,04-25-2020
295,Kyrgyzstan,665.0,8.0,345.0,312.0,04-25-2020
296,Uzbekistan,1862.0,8.0,707.0,1147.0,04-25-2020
297,Armenia,1746.0,28.0,833.0,885.0,04-26-2020
298,Azerbaijan,1645.0,21.0,1139.0,485.0,04-26-2020
299,Georgia,486.0,6.0,149.0,331.0,04-26-2020
300,Kazakhstan,2717.0,25.0,682.0,2010.0,04-26-2020
301,Kyrgyzstan,682.0,8.0,370.0,304.0,04-26-2020
302,Uzbekistan,1869.0,8.0,789.0,1072.0,04-26-2020
303,Armenia,1808.0,29.0,848.0,931.0,04-27-2020
304,Azerbaijan,1678.0,22.0,1162.0,494.0,04-27-2020
305,Georgia,497.0,6.0,156.0,335.0,04-27-2020
306,Kazakhstan,2835.0,25.0,720.0,2090.0,04-27-2020
307,Kyrgyzstan,695.0,8.0,395.0,292.0,04-27-2020
308,Uzbekistan,1904.0,8.0,892.0,1004.0,04-27-2020
309,Armenia,1867.0,30.0,866.0,971.0,04-28-2020
310,Azerbaijan,1717.0,22.0,1221.0,474.0,04-28-2020
311,Georgia,511.0,6.0,168.0,337.0,04-28-2020
312,Kazakhstan,3027.0,25.0,774.0,2228.0,04-28-2020
313,Kyrgyzstan,708.0,8.0,416.0,284.0,04-28-2020
314,Uzbekistan,1939.0,8.0,992.0,939.0,04-28-2020
315,Armenia,1932.0,30.0,900.0,1002.0,04-29-2020
316,Azerbaijan,1766.0,23.0,1267.0,476.0,04-29-2020
317,Georgia,517.0,6.0,178.0,333.0,04-29-2020
318,Kazakhstan,3138.0,25.0,819.0,2294.0,04-29-2020
319,Kyrgyzstan,729.0,8.0,437.0,284.0,04-29-2020
320,Uzbekistan,2002.0,9.0,1096.0,897.0,04-29-2020
321,Armenia,2066.0,32.0,929.0,1105.0,04-30-2020
322,Azerbaijan,1804.0,24.0,1325.0,455.0,04-30-2020
323,Georgia,539.0,6.0,184.0,349.0,04-30-2020
324,Kazakhstan,3402.0,25.0,866.0,2511.0,04-30-2020
325,Kyrgyzstan,746.0,8.0,462.0,276.0,04-30-2020
326,Tajikistan,15.0,0.0,0.0,15.0,04-30-2020
327,Uzbekistan,2039.0,9.0,1133.0,897.0,04-30-2020
328,Armenia,2148.0,33.0,977.0,1138.0,05-01-2020
329,Azerbaijan,1854.0,25.0,1365.0,464.0,05-01-2020
330,Georgia,566.0,7.0,207.0,352.0,05-01-2020
331,Kazakhstan,3597.0,25.0,922.0,2650.0,05-01-2020
332,Kyrgyzstan,756.0,8.0,504.0,244.0,05-01-2020
333,Tajikistan,15.0,0.0,0.0,15.0,05-01-2020
334,Uzbekistan,2086.0,9.0,1212.0,865.0,05-01-2020
335,Armenia,2273.0,33.0,1010.0,1230.0,05-02-2020
336,Azerbaijan,1894.0,25.0,1411.0,458.0,05-02-2020
337,Georgia,582.0,8.0,207.0,367.0,05-02-2020
338,Kazakhstan,3857.0,25.0,985.0,2847.0,05-02-2020
339,Kyrgyzstan,769.0,8.0,527.0,234.0,05-02-2020
340,Tajikistan,76.0,2.0,0.0,74.0,05-02-2020
341,Uzbekistan,2118.0,9.0,1271.0,838.0,05-02-2020
342,Armenia,2386.0,35.0,1035.0,1316.0,05-03-2020
343,Azerbaijan,1932.0,25.0,1441.0,466.0,05-03-2020
344,Georgia,589.0,9.0,223.0,357.0,05-03-2020
345,Kazakhstan,3920.0,27.0,1084.0,2809.0,05-03-2020
346,Kyrgyzstan,795.0,10.0,564.0,221.0,05-03-2020
347,Tajikistan,128.0,2.0,0.0,126.0,05-03-2020
348,Uzbekistan,2149.0,10.0,1319.0,820.0,05-03-2020
349,Armenia,2507.0,39.0,1071.0,1397.0,05-04-2020
350,Azerbaijan,1984.0,26.0,1480.0,478.0,05-04-2020
351,Georgia,593.0,9.0,223.0,361.0,05-04-2020
352,Kazakhstan,4049.0,29.0,1173.0,2847.0,05-04-2020
353,Kyrgyzstan,830.0,10.0,575.0,245.0,05-04-2020
354,Tajikistan,230.0,3.0,0.0,227.0,05-04-2020
355,Uzbekistan,2189.0,10.0,1405.0,774.0,05-04-2020
356,Armenia,2619.0,40.0,1111.0,1468.0,05-05-2020
357,Azerbaijan,2060.0,26.0,1508.0,526.0,05-05-2020
358,Georgia,604.0,9.0,240.0,355.0,05-05-2020
359,Kazakhstan,4205.0,29.0,1279.0,2897.0,05-05-2020
360,Kyrgyzstan,843.0,11.0,600.0,232.0,05-05-2020
361,Tajikistan,293.0,5.0,0.0,288.0,05-05-2020
362,Uzbekistan,2207.0,10.0,1501.0,696.0,05-05-2020
363,Armenia,2782.0,40.0,1135.0,1607.0,05-06-2020
364,Azerbaijan,2127.0,28.0,1536.0,563.0,05-06-2020
365,Georgia,610.0,9.0,269.0,332.0,05-06-2020
366,Kazakhstan,4422.0,30.0,1408.0,2984.0,05-06-2020
367,Kyrgyzstan,871.0,12.0,614.0,245.0,05-06-2020
368,Tajikistan,379.0,8.0,0.0,371.0,05-06-2020
369,Uzbekistan,2233.0,10.0,1577.0,646.0,05-06-2020
370,Armenia,2884.0,42.0,1185.0,1657.0,05-07-2020
371,Azerbaijan,2204.0,28.0,1551.0,625.0,05-07-2020
372,Georgia,615.0,9.0,275.0,331.0,05-07-2020
373,Kazakhstan,4578.0,30.0,1518.0,3030.0,05-07-2020
374,Kyrgyzstan,895.0,12.0,637.0,246.0,05-07-2020
375,Tajikistan,461.0,12.0,0.0,449.0,05-07-2020
376,Uzbekistan,2298.0,10.0,1656.0,632.0,05-07-2020
377,Armenia,3029.0,43.0,1218.0,1768.0,05-08-2020
378,Azerbaijan,2279.0,28.0,1576.0,675.0,05-08-2020
379,Georgia,623.0,10.0,288.0,325.0,05-08-2020
380,Kazakhstan,4834.0,31.0,1631.0,3172.0,05-08-2020
381,Kyrgyzstan,906.0,12.0,650.0,244.0,05-08-2020
382,Tajikistan,522.0,12.0,0.0,510.0,05-08-2020
383,Uzbekistan,2325.0,10.0,1775.0,540.0,05-08-2020
384,Armenia,3175.0,44.0,1267.0,1864.0,05-09-2020
385,Azerbaijan,2422.0,31.0,1620.0,771.0,05-09-2020
386,Georgia,626.0,10.0,297.0,319.0,05-09-2020
387,Kazakhstan,4975.0,31.0,1776.0,3168.0,05-09-2020
388,Kyrgyzstan,931.0,12.0,658.0,261.0,05-09-2020
389,Tajikistan,612.0,20.0,0.0,592.0,05-09-2020
390,Uzbekistan,2349.0,10.0,1846.0,493.0,05-09-2020
391,Armenia,3313.0,45.0,1325.0,1943.0,05-10-2020
392,Azerbaijan,2519.0,32.0,1650.0,837.0,05-10-2020
393,Georgia,635.0,10.0,309.0,316.0,05-10-2020
394,Kazakhstan,5090.0,31.0,1941.0,3118.0,05-10-2020
395,Kyrgyzstan,1002.0,12.0,675.0,315.0,05-10-2020
396,Tajikistan,612.0,20.0,0.0,592.0,05-10-2020
397,Uzbekistan,2418.0,10.0,1881.0,527.0,05-10-2020
398,Armenia,3392.0,46.0,1359.0,1987.0,05-11-2020
399,Azerbaijan,2589.0,32.0,1680.0,877.0,05-11-2020
400,Georgia,638.0,11.0,317.0,310.0,05-11-2020
401,Kazakhstan,5207.0,32.0,2074.0,3101.0,05-11-2020
402,Kyrgyzstan,1016.0,12.0,688.0,316.0,05-11-2020
403,Tajikistan,661.0,21.0,0.0,640.0,05-11-2020
404,Uzbekistan,2486.0,10.0,1988.0,488.0,05-11-2020
405,Armenia,3538.0,47.0,1430.0,2061.0,05-12-2020
406,Azerbaijan,2693.0,33.0,1680.0,980.0,05-12-2020
407,Georgia,642.0,11.0,349.0,282.0,05-12-2020
408,Kazakhstan,5279.0,32.0,2223.0,3024.0,05-12-2020
409,Kyrgyzstan,1037.0,12.0,709.0,316.0,05-12-2020
410,Tajikistan,729.0,21.0,0.0,708.0,05-12-2020
411,Uzbekistan,2519.0,10.0,2010.0,499.0,05-12-2020
412,Armenia,3718.0,48.0,1500.0,2170.0,05-13-2020
413,Azerbaijan,2758.0,35.0,1789.0,934.0,05-13-2020
414,Georgia,647.0,11.0,372.0,264.0,05-13-2020
415,Kazakhstan,5417.0,32.0,2408.0,2977.0,05-13-2020
416,Kyrgyzstan,1044.0,12.0,726.0,306.0,05-13-2020
417,Tajikistan,801.0,23.0,0.0,778.0,05-13-2020
418,Uzbekistan,2612.0,11.0,2076.0,525.0,05-13-2020
419,Armenia,3860.0,49.0,1572.0,2239.0,05-14-2020
420,Azerbaijan,2879.0,35.0,1833.0,1011.0,05-14-2020
421,Georgia,667.0,12.0,383.0,272.0,05-14-2020
422,Kazakhstan,5571.0,32.0,2531.0,3008.0,05-14-2020
423,Kyrgyzstan,1082.0,12.0,735.0,335.0,05-14-2020
424,Tajikistan,907.0,29.0,0.0,878.0,05-14-2020
425,Uzbekistan,2645.0,11.0,2136.0,498.0,05-14-2020
426,Armenia,4044.0,52.0,1666.0,2326.0,05-15-2020
427,Azerbaijan,2980.0,36.0,1886.0,1058.0,05-15-2020
428,Georgia,671.0,12.0,393.0,266.0,05-15-2020
429,Kazakhstan,5689.0,34.0,2707.0,2948.0,05-15-2020
430,Kyrgyzstan,1111.0,14.0,745.0,352.0,05-15-2020
431,Tajikistan,1118.0,33.0,0.0,1085.0,05-15-2020
432,Uzbekistan,2686.0,11.0,2158.0,517.0,05-15-2020
433,Armenia,4283.0,55.0,1791.0,2437.0,05-16-2020
434,Azerbaijan,3138.0,36.0,1944.0,1158.0,05-16-2020
435,Georgia,683.0,12.0,419.0,252.0,05-16-2020
436,Kazakhstan,5850.0,34.0,2980.0,2836.0,05-16-2020
437,Kyrgyzstan,1117.0,14.0,783.0,320.0,05-16-2020
438,Tajikistan,1322.0,36.0,0.0,1286.0,05-16-2020
439,Uzbekistan,2738.0,11.0,2213.0,514.0,05-16-2020
440,Armenia,4472.0,60.0,1925.0,2487.0,05-17-2020
441,Azerbaijan,3274.0,39.0,2015.0,1220.0,05-17-2020
442,Georgia,695.0,12.0,425.0,258.0,05-17-2020
443,Kazakhstan,6157.0,34.0,3256.0,2867.0,05-17-2020
444,Kyrgyzstan,1138.0,14.0,804.0,320.0,05-17-2020
445,Tajikistan,1524.0,39.0,0.0,1485.0,05-17-2020
446,Uzbekistan,2753.0,12.0,2247.0,494.0,05-17-2020
447,Armenia,4823.0,61.0,2019.0,2743.0,05-18-2020
448,Azerbaijan,3387.0,40.0,2055.0,1292.0,05-18-2020
449,Georgia,701.0,12.0,432.0,257.0,05-18-2020
450,Kazakhstan,6751.0,35.0,3469.0,3247.0,05-18-2020
451,Kyrgyzstan,1216.0,14.0,827.0,375.0,05-18-2020
452,Tajikistan,1729.0,41.0,0.0,1688.0,05-18-2020
453,Uzbekistan,2791.0,13.0,2314.0,464.0,05-18-2020
454,Armenia,5041.0,64.0,2164.0,2813.0,05-19-2020
455,Azerbaijan,3518.0,41.0,2198.0,1279.0,05-19-2020
456,Georgia,707.0,12.0,456.0,239.0,05-19-2020
457,Kazakhstan,6751.0,35.0,3598.0,3118.0,05-19-2020
458,Kyrgyzstan,1243.0,14.0,898.0,331.0,05-19-2020
459,Tajikistan,1936.0,41.0,641.0,1254.0,05-19-2020
460,Uzbekistan,2855.0,13.0,2338.0,504.0,05-19-2020
461,Armenia,5271.0,67.0,2419.0,2785.0,05-20-2020
462,Azerbaijan,3631.0,43.0,2253.0,1335.0,05-20-2020
463,Georgia,713.0,12.0,475.0,226.0,05-20-2020
464,Kazakhstan,6969.0,35.0,3734.0,3200.0,05-20-2020
465,Kyrgyzstan,1270.0,14.0,910.0,346.0,05-20-2020
466,Tajikistan,2140.0,41.0,470.0,1629.0,05-20-2020
467,Uzbekistan,2939.0,13.0,2372.0,554.0,05-20-2020
468,Armenia,5606.0,70.0,2581.0,2955.0,05-21-2020
469,Azerbaijan,3749.0,44.0,2340.0,1365.0,05-21-2020
470,Georgia,721.0,12.0,485.0,224.0,05-21-2020
471,Kazakhstan,7234.0,35.0,3843.0,3356.0,05-21-2020
472,Kyrgyzstan,1313.0,14.0,923.0,376.0,05-21-2020
473,Tajikistan,2350.0,44.0,470.0,1836.0,05-21-2020
474,Uzbekistan,2964.0,13.0,2407.0,544.0,05-21-2020
475,Armenia,5928.0,74.0,2874.0,2980.0,05-22-2020
476,Azerbaijan,3855.0,46.0,2399.0,1410.0,05-22-2020
477,Georgia,723.0,12.0,495.0,216.0,05-22-2020
478,Kazakhstan,7919.0,35.0,4096.0,3788.0,05-22-2020
479,Kyrgyzstan,1350.0,14.0,939.0,397.0,05-22-2020
480,Tajikistan,2551.0,44.0,1089.0,1418.0,05-22-2020
481,Uzbekistan,3028.0,13.0,2492.0,523.0,05-22-2020
482,Armenia,6302.0,77.0,2936.0,3289.0,05-23-2020
483,Azerbaijan,3982.0,49.0,2506.0,1427.0,05-23-2020
484,Georgia,728.0,12.0,509.0,207.0,05-23-2020
485,Kazakhstan,7919.0,35.0,4214.0,3670.0,05-23-2020
486,Kyrgyzstan,1365.0,14.0,957.0,394.0,05-23-2020
487,Tajikistan,2738.0,44.0,1223.0,1471.0,05-23-2020
488,Uzbekistan,3115.0,13.0,2532.0,570.0,05-23-2020
489,Armenia,6661.0,81.0,3064.0,3516.0,05-24-2020
490,Azerbaijan,4122.0,49.0,2607.0,1466.0,05-24-2020
491,Georgia,730.0,12.0,522.0,196.0,05-24-2020
492,Kazakhstan,8531.0,35.0,4352.0,4144.0,05-24-2020
493,Kyrgyzstan,1403.0,14.0,980.0,409.0,05-24-2020
494,Tajikistan,2929.0,46.0,1301.0,1582.0,05-24-2020
495,Uzbekistan,3164.0,13.0,2565.0,586.0,05-24-2020
496,Armenia,7113.0,87.0,3145.0,3881.0,05-25-2020
497,Azerbaijan,4271.0,51.0,2741.0,1479.0,05-25-2020
498,Georgia,731.0,12.0,526.0,193.0,05-25-2020
499,Kazakhstan,8969.0,35.0,4515.0,4419.0,05-25-2020
500,Kyrgyzstan,1433.0,16.0,992.0,425.0,05-25-2020
501,Tajikistan,3100.0,46.0,1395.0,1659.0,05-25-2020
502,Uzbekistan,3189.0,13.0,2607.0,569.0,05-25-2020
503,Armenia,7402.0,91.0,3220.0,4091.0,05-26-2020
504,Azerbaijan,4403.0,52.0,2819.0,1532.0,05-26-2020
505,Georgia,732.0,12.0,537.0,183.0,05-26-2020
506,Kazakhstan,8969.0,37.0,4613.0,4319.0,05-26-2020
507,Kyrgyzstan,1468.0,16.0,1015.0,437.0,05-26-2020
508,Tajikistan,3266.0,47.0,1417.0,1802.0,05-26-2020
509,Uzbekistan,3290.0,14.0,2636.0,640.0,05-26-2020
510,Armenia,7774.0,98.0,3255.0,4421.0,05-27-2020
511,Azerbaijan,4568.0,54.0,2897.0,1617.0,05-27-2020
512,Georgia,735.0,12.0,557.0,166.0,05-27-2020
513,Kazakhstan,9304.0,37.0,4768.0,4499.0,05-27-2020
514,Kyrgyzstan,1520.0,16.0,1043.0,461.0,05-27-2020
515,Tajikistan,3424.0,47.0,1575.0,1802.0,05-27-2020
516,Uzbekistan,3369.0,14.0,2668.0,687.0,05-27-2020
517,Armenia,8216.0,113.0,3287.0,4816.0,05-28-2020
518,Azerbaijan,4759.0,56.0,3022.0,1681.0,05-28-2020
519,Georgia,738.0,12.0,573.0,153.0,05-28-2020
520,Kazakhstan,9576.0,37.0,4900.0,4639.0,05-28-2020
521,Kyrgyzstan,1594.0,16.0,1066.0,512.0,05-28-2020
522,Tajikistan,3563.0,47.0,1674.0,1842.0,05-28-2020
523,Uzbekistan,3444.0,14.0,2694.0,736.0,05-28-2020
