,Country_Region,Confirmed,Deaths,Recovered,Active,Date,days_since_100,Confirmed_change,Confirmed_change_pct,Confirmed_change_7day
0,Armenia,115.0,0.0,1.0,114.0,2020-03-19,0,31.0,0.36904761904761907,
1,Armenia,136.0,0.0,1.0,135.0,2020-03-20,1,21.0,0.18260869565217397,
2,Armenia,160.0,0.0,1.0,159.0,2020-03-21,2,24.0,0.17647058823529416,
3,Armenia,194.0,0.0,2.0,192.0,2020-03-22,3,34.0,0.2124999999999999,
4,Armenia,235.0,0.0,2.0,233.0,2020-03-23,4,41.0,0.21134020618556693,
5,Armenia,249.0,0.0,14.0,235.0,2020-03-24,5,14.0,0.05957446808510647,
6,Armenia,265.0,0.0,16.0,249.0,2020-03-25,6,16.0,0.06425702811244971,25.857142857142858
7,Armenia,290.0,1.0,18.0,271.0,2020-03-26,7,25.0,0.09433962264150941,25.0
8,Azerbaijan,122.0,3.0,15.0,104.0,2020-03-26,0,29.0,0.31182795698924726,
9,Kazakhstan,111.0,1.0,2.0,108.0,2020-03-26,0,30.0,0.37037037037037046,
10,Armenia,329.0,1.0,28.0,300.0,2020-03-27,8,39.0,0.1344827586206896,27.571428571428573
11,Azerbaijan,165.0,3.0,15.0,147.0,2020-03-27,1,43.0,0.3524590163934427,
12,Kazakhstan,150.0,1.0,3.0,146.0,2020-03-27,1,39.0,0.3513513513513513,
13,Armenia,407.0,1.0,30.0,376.0,2020-03-28,9,78.0,0.237082066869301,35.285714285714285
14,Azerbaijan,182.0,4.0,15.0,163.0,2020-03-28,2,17.0,0.10303030303030303,
15,Kazakhstan,228.0,1.0,16.0,211.0,2020-03-28,2,78.0,0.52,
16,Uzbekistan,104.0,2.0,5.0,97.0,2020-03-28,0,16.0,0.18181818181818188,
17,Armenia,424.0,3.0,30.0,391.0,2020-03-29,10,17.0,0.041769041769041726,32.857142857142854
18,Azerbaijan,209.0,4.0,15.0,190.0,2020-03-29,3,27.0,0.14835164835164827,
19,Kazakhstan,284.0,1.0,20.0,263.0,2020-03-29,3,56.0,0.2456140350877194,
20,Uzbekistan,144.0,2.0,7.0,135.0,2020-03-29,1,40.0,0.3846153846153846,
21,Armenia,482.0,3.0,30.0,449.0,2020-03-30,11,58.0,0.1367924528301887,35.285714285714285
22,Azerbaijan,273.0,4.0,26.0,243.0,2020-03-30,4,64.0,0.30622009569377995,
23,Georgia,103.0,0.0,20.0,83.0,2020-03-30,0,12.0,0.13186813186813184,
24,Kazakhstan,302.0,1.0,21.0,280.0,2020-03-30,4,18.0,0.06338028169014076,
25,Uzbekistan,149.0,2.0,7.0,140.0,2020-03-30,2,5.0,0.03472222222222232,
26,Armenia,532.0,3.0,30.0,499.0,2020-03-31,12,50.0,0.10373443983402497,40.42857142857143
27,Azerbaijan,298.0,5.0,26.0,267.0,2020-03-31,5,25.0,0.09157509157509147,
28,Georgia,110.0,0.0,21.0,89.0,2020-03-31,1,7.0,0.06796116504854366,
29,Kazakhstan,343.0,2.0,24.0,317.0,2020-03-31,5,41.0,0.13576158940397343,
30,Kyrgyzstan,107.0,0.0,3.0,104.0,2020-03-31,0,13.0,0.13829787234042556,
31,Uzbekistan,172.0,2.0,7.0,163.0,2020-03-31,3,23.0,0.15436241610738266,
32,Armenia,571.0,4.0,31.0,536.0,2020-04-01,13,39.0,0.07330827067669166,43.714285714285715
33,Azerbaijan,359.0,5.0,26.0,328.0,2020-04-01,6,61.0,0.2046979865771812,38.0
34,Georgia,117.0,0.0,23.0,94.0,2020-04-01,2,7.0,0.06363636363636371,
35,Kazakhstan,380.0,3.0,26.0,351.0,2020-04-01,6,37.0,0.10787172011661816,42.714285714285715
36,Kyrgyzstan,111.0,0.0,3.0,108.0,2020-04-01,1,4.0,0.03738317757009346,
37,Uzbekistan,181.0,2.0,12.0,167.0,2020-04-01,4,9.0,0.05232558139534893,
38,Armenia,663.0,7.0,33.0,623.0,2020-04-02,14,92.0,0.16112084063047294,53.285714285714285
39,Azerbaijan,400.0,5.0,26.0,369.0,2020-04-02,7,41.0,0.11420612813370479,39.714285714285715
40,Georgia,134.0,0.0,26.0,108.0,2020-04-02,3,17.0,0.14529914529914523,
41,Kazakhstan,435.0,3.0,27.0,405.0,2020-04-02,7,55.0,0.14473684210526305,46.285714285714285
42,Kyrgyzstan,116.0,0.0,5.0,111.0,2020-04-02,2,5.0,0.04504504504504503,
43,Uzbekistan,205.0,2.0,25.0,178.0,2020-04-02,5,24.0,0.13259668508287303,
44,Armenia,736.0,7.0,43.0,686.0,2020-04-03,15,73.0,0.11010558069381604,58.142857142857146
45,Azerbaijan,443.0,5.0,32.0,406.0,2020-04-03,8,43.0,0.10749999999999993,39.714285714285715
46,Georgia,155.0,0.0,28.0,127.0,2020-04-03,4,21.0,0.15671641791044766,
47,Kazakhstan,464.0,6.0,29.0,429.0,2020-04-03,8,29.0,0.06666666666666665,44.857142857142854
48,Kyrgyzstan,130.0,1.0,6.0,123.0,2020-04-03,3,14.0,0.1206896551724137,
49,Uzbekistan,227.0,2.0,25.0,200.0,2020-04-03,6,22.0,0.1073170731707318,19.857142857142858
50,Armenia,770.0,7.0,43.0,720.0,2020-04-04,16,34.0,0.04619565217391308,51.857142857142854
51,Azerbaijan,521.0,5.0,32.0,484.0,2020-04-04,9,78.0,0.17607223476297973,48.42857142857143
52,Georgia,162.0,1.0,36.0,125.0,2020-04-04,5,7.0,0.04516129032258065,
53,Kazakhstan,531.0,5.0,36.0,490.0,2020-04-04,9,67.0,0.1443965517241379,43.285714285714285
54,Kyrgyzstan,144.0,1.0,9.0,134.0,2020-04-04,4,14.0,0.10769230769230775,
55,Uzbekistan,266.0,2.0,25.0,239.0,2020-04-04,7,39.0,0.17180616740088106,23.142857142857142
56,Armenia,822.0,7.0,57.0,758.0,2020-04-05,17,52.0,0.06753246753246755,56.857142857142854
57,Azerbaijan,584.0,7.0,32.0,545.0,2020-04-05,10,63.0,0.12092130518234168,53.57142857142857
58,Georgia,174.0,2.0,36.0,136.0,2020-04-05,6,12.0,0.07407407407407418,11.857142857142858
59,Kazakhstan,584.0,6.0,42.0,536.0,2020-04-05,10,53.0,0.09981167608286245,42.857142857142854
60,Kyrgyzstan,147.0,1.0,9.0,137.0,2020-04-05,5,3.0,0.02083333333333326,
61,Uzbekistan,342.0,2.0,30.0,310.0,2020-04-05,8,76.0,0.2857142857142858,28.285714285714285
62,Armenia,833.0,8.0,62.0,763.0,2020-04-06,18,11.0,0.01338199513381988,50.142857142857146
63,Azerbaijan,641.0,7.0,44.0,590.0,2020-04-06,11,57.0,0.09760273972602729,52.57142857142857
64,Georgia,188.0,2.0,39.0,147.0,2020-04-06,7,14.0,0.08045977011494254,12.142857142857142
65,Kazakhstan,662.0,6.0,46.0,610.0,2020-04-06,11,78.0,0.13356164383561642,51.42857142857143
66,Kyrgyzstan,216.0,4.0,33.0,179.0,2020-04-06,6,69.0,0.4693877551020409,17.428571428571427
67,Uzbekistan,457.0,2.0,30.0,425.0,2020-04-06,9,115.0,0.3362573099415205,44.0
68,Armenia,853.0,8.0,87.0,758.0,2020-04-07,19,20.0,0.02400960384153672,45.857142857142854
69,Azerbaijan,717.0,8.0,44.0,665.0,2020-04-07,12,76.0,0.11856474258970362,59.857142857142854
70,Georgia,196.0,3.0,46.0,147.0,2020-04-07,8,8.0,0.042553191489361764,12.285714285714286
71,Kazakhstan,697.0,6.0,51.0,640.0,2020-04-07,12,35.0,0.052870090634441036,50.57142857142857
72,Kyrgyzstan,228.0,4.0,33.0,191.0,2020-04-07,7,12.0,0.05555555555555558,17.285714285714285
73,Uzbekistan,520.0,2.0,30.0,488.0,2020-04-07,10,63.0,0.1378555798687089,49.714285714285715
74,Armenia,881.0,9.0,114.0,758.0,2020-04-08,20,28.0,0.03282532239155911,44.285714285714285
75,Azerbaijan,822.0,8.0,63.0,751.0,2020-04-08,13,105.0,0.14644351464435146,66.14285714285714
76,Georgia,211.0,3.0,50.0,158.0,2020-04-08,9,15.0,0.07653061224489788,13.428571428571429
77,Kazakhstan,727.0,7.0,54.0,666.0,2020-04-08,13,30.0,0.043041606886657036,49.57142857142857
78,Kyrgyzstan,270.0,4.0,33.0,233.0,2020-04-08,8,42.0,0.18421052631578938,22.714285714285715
79,Uzbekistan,545.0,3.0,30.0,512.0,2020-04-08,11,25.0,0.04807692307692313,52.0
80,Armenia,921.0,10.0,138.0,773.0,2020-04-09,21,40.0,0.04540295119182747,36.857142857142854
81,Azerbaijan,926.0,9.0,101.0,816.0,2020-04-09,14,104.0,0.12652068126520688,75.14285714285714
82,Georgia,218.0,3.0,51.0,164.0,2020-04-09,10,7.0,0.033175355450236976,12.0
83,Kazakhstan,781.0,8.0,60.0,713.0,2020-04-09,14,54.0,0.07427785419532329,49.42857142857143
84,Kyrgyzstan,280.0,4.0,35.0,241.0,2020-04-09,9,10.0,0.03703703703703698,23.428571428571427
85,Uzbekistan,582.0,3.0,38.0,541.0,2020-04-09,12,37.0,0.06788990825688068,53.857142857142854
86,Armenia,937.0,12.0,149.0,776.0,2020-04-10,22,16.0,0.017372421281216077,28.714285714285715
87,Azerbaijan,991.0,10.0,159.0,822.0,2020-04-10,15,65.0,0.07019438444924408,78.28571428571429
88,Georgia,234.0,3.0,54.0,177.0,2020-04-10,11,16.0,0.07339449541284404,11.285714285714286
89,Kazakhstan,812.0,10.0,64.0,738.0,2020-04-10,15,31.0,0.03969270166453276,49.714285714285715
90,Kyrgyzstan,298.0,5.0,35.0,258.0,2020-04-10,10,18.0,0.06428571428571428,24.0
91,Uzbekistan,624.0,3.0,42.0,579.0,2020-04-10,13,42.0,0.07216494845360821,56.714285714285715
92,Armenia,967.0,13.0,173.0,781.0,2020-04-11,23,30.0,0.03201707577374591,28.142857142857142
93,Azerbaijan,1058.0,11.0,200.0,847.0,2020-04-11,16,67.0,0.06760847628657918,76.71428571428571
94,Georgia,242.0,3.0,60.0,179.0,2020-04-11,12,8.0,0.03418803418803429,11.428571428571429
95,Kazakhstan,865.0,10.0,81.0,774.0,2020-04-11,16,53.0,0.06527093596059119,47.714285714285715
96,Kyrgyzstan,339.0,5.0,44.0,290.0,2020-04-11,11,41.0,0.13758389261744974,27.857142857142858
97,Uzbekistan,767.0,4.0,42.0,721.0,2020-04-11,14,143.0,0.22916666666666674,71.57142857142857
98,Armenia,1013.0,13.0,197.0,803.0,2020-04-12,24,46.0,0.04756980351602902,27.285714285714285
99,Azerbaijan,1098.0,11.0,250.0,837.0,2020-04-12,17,40.0,0.037807183364839236,73.42857142857143
100,Georgia,257.0,3.0,67.0,187.0,2020-04-12,13,15.0,0.06198347107438007,11.857142857142858
101,Kazakhstan,951.0,10.0,99.0,842.0,2020-04-12,17,86.0,0.09942196531791914,52.42857142857143
102,Kyrgyzstan,377.0,5.0,54.0,318.0,2020-04-12,12,38.0,0.11209439528023601,32.857142857142854
103,Uzbekistan,865.0,4.0,66.0,795.0,2020-04-12,15,98.0,0.1277705345501956,74.71428571428571
104,Armenia,1039.0,14.0,211.0,814.0,2020-04-13,25,26.0,0.02566633761105619,29.428571428571427
105,Azerbaijan,1148.0,12.0,289.0,847.0,2020-04-13,18,50.0,0.04553734061930781,72.42857142857143
106,Georgia,272.0,3.0,68.0,201.0,2020-04-13,14,15.0,0.05836575875486383,12.0
107,Kazakhstan,1091.0,12.0,138.0,941.0,2020-04-13,18,140.0,0.1472134595162986,61.285714285714285
108,Kyrgyzstan,419.0,5.0,67.0,347.0,2020-04-13,13,42.0,0.1114058355437666,29.0
109,Uzbekistan,998.0,4.0,85.0,909.0,2020-04-13,16,133.0,0.153757225433526,77.28571428571429
110,Armenia,1067.0,16.0,265.0,786.0,2020-04-14,26,28.0,0.026948989412896918,30.571428571428573
111,Azerbaijan,1197.0,13.0,351.0,833.0,2020-04-14,19,49.0,0.04268292682926833,68.57142857142857
112,Georgia,300.0,3.0,69.0,228.0,2020-04-14,15,28.0,0.10294117647058831,14.857142857142858
113,Kazakhstan,1232.0,14.0,203.0,1015.0,2020-04-14,19,141.0,0.12923923006416138,76.42857142857143
114,Kyrgyzstan,430.0,5.0,71.0,354.0,2020-04-14,14,11.0,0.026252983293556076,28.857142857142858
115,Uzbekistan,1165.0,4.0,99.0,1062.0,2020-04-14,17,167.0,0.16733466933867724,92.14285714285714
116,Armenia,1111.0,17.0,297.0,797.0,2020-04-15,27,44.0,0.04123711340206193,32.857142857142854
117,Azerbaijan,1253.0,13.0,404.0,836.0,2020-04-15,20,56.0,0.04678362573099415,61.57142857142857
118,Georgia,306.0,3.0,71.0,232.0,2020-04-15,16,6.0,0.020000000000000018,13.571428571428571
119,Kazakhstan,1295.0,16.0,240.0,1039.0,2020-04-15,20,63.0,0.051136363636363535,81.14285714285714
120,Kyrgyzstan,449.0,5.0,78.0,366.0,2020-04-15,15,19.0,0.04418604651162794,25.571428571428573
121,Uzbekistan,1302.0,4.0,107.0,1191.0,2020-04-15,18,137.0,0.11759656652360517,108.14285714285714
122,Armenia,1159.0,18.0,358.0,783.0,2020-04-16,28,48.0,0.04320432043204314,34.0
123,Azerbaijan,1283.0,15.0,460.0,808.0,2020-04-16,21,30.0,0.023942537909018347,51.0
124,Georgia,348.0,3.0,76.0,269.0,2020-04-16,17,42.0,0.13725490196078427,18.571428571428573
125,Kazakhstan,1402.0,17.0,277.0,1108.0,2020-04-16,21,107.0,0.08262548262548264,88.71428571428571
126,Kyrgyzstan,466.0,5.0,91.0,370.0,2020-04-16,16,17.0,0.03786191536748329,26.571428571428573
127,Uzbekistan,1349.0,4.0,129.0,1216.0,2020-04-16,19,47.0,0.036098310291858615,109.57142857142857
128,Armenia,1201.0,19.0,402.0,780.0,2020-04-17,29,42.0,0.036238136324417525,37.714285714285715
129,Azerbaijan,1340.0,15.0,528.0,797.0,2020-04-17,22,57.0,0.044427123928292955,49.857142857142854
130,Georgia,370.0,3.0,79.0,288.0,2020-04-17,18,22.0,0.06321839080459779,19.428571428571427
131,Kazakhstan,1546.0,17.0,347.0,1182.0,2020-04-17,22,144.0,0.10271041369472189,104.85714285714286
132,Kyrgyzstan,489.0,5.0,114.0,370.0,2020-04-17,17,23.0,0.04935622317596566,27.285714285714285
133,Uzbekistan,1405.0,4.0,156.0,1245.0,2020-04-17,20,56.0,0.04151223128243142,111.57142857142857
134,Armenia,1248.0,20.0,523.0,705.0,2020-04-18,30,47.0,0.039134054954204744,40.142857142857146
135,Azerbaijan,1373.0,18.0,590.0,765.0,2020-04-18,23,33.0,0.02462686567164174,45.0
136,Georgia,388.0,4.0,86.0,298.0,2020-04-18,19,18.0,0.048648648648648596,20.857142857142858
137,Kazakhstan,1615.0,17.0,377.0,1221.0,2020-04-18,23,69.0,0.04463130659767134,107.14285714285714
138,Kyrgyzstan,506.0,5.0,130.0,371.0,2020-04-18,18,17.0,0.03476482617586907,23.857142857142858
139,Uzbekistan,1490.0,5.0,194.0,1291.0,2020-04-18,21,85.0,0.06049822064056931,103.28571428571429
140,Armenia,1291.0,20.0,545.0,726.0,2020-04-19,31,43.0,0.034455128205128194,39.714285714285715
141,Azerbaijan,1398.0,19.0,712.0,667.0,2020-04-19,24,25.0,0.018208302986161717,42.857142857142854
142,Georgia,394.0,4.0,93.0,297.0,2020-04-19,20,6.0,0.015463917525773141,19.571428571428573
143,Kazakhstan,1676.0,17.0,400.0,1259.0,2020-04-19,24,61.0,0.037770897832817285,103.57142857142857
144,Kyrgyzstan,554.0,5.0,133.0,416.0,2020-04-19,19,48.0,0.09486166007905128,25.285714285714285
145,Uzbekistan,1565.0,5.0,225.0,1335.0,2020-04-19,22,75.0,0.05033557046979875,100.0
146,Armenia,1339.0,22.0,580.0,737.0,2020-04-20,32,48.0,0.03718048024786991,42.857142857142854
147,Azerbaijan,1436.0,19.0,791.0,626.0,2020-04-20,25,38.0,0.027181688125894166,41.142857142857146
148,Georgia,402.0,4.0,95.0,303.0,2020-04-20,21,8.0,0.020304568527918843,18.571428571428573
149,Kazakhstan,1852.0,19.0,447.0,1386.0,2020-04-20,25,176.0,0.1050119331742243,108.71428571428571
150,Kyrgyzstan,568.0,7.0,201.0,360.0,2020-04-20,20,14.0,0.025270758122743597,21.285714285714285
151,Uzbekistan,1627.0,5.0,261.0,1361.0,2020-04-20,23,62.0,0.03961661341853029,89.85714285714286
152,Armenia,1401.0,24.0,609.0,768.0,2020-04-21,33,62.0,0.04630321135175497,47.714285714285715
153,Azerbaijan,1480.0,20.0,865.0,595.0,2020-04-21,26,44.0,0.03064066852367686,40.42857142857143
154,Georgia,408.0,4.0,97.0,307.0,2020-04-21,22,6.0,0.014925373134328401,15.428571428571429
155,Kazakhstan,1995.0,19.0,489.0,1487.0,2020-04-21,26,143.0,0.07721382289416856,109.0
156,Kyrgyzstan,590.0,7.0,216.0,367.0,2020-04-21,21,22.0,0.03873239436619724,22.857142857142858
157,Uzbekistan,1678.0,6.0,357.0,1315.0,2020-04-21,24,51.0,0.031346035648432746,73.28571428571429
158,Armenia,1473.0,24.0,633.0,816.0,2020-04-22,34,72.0,0.051391862955032064,51.714285714285715
159,Azerbaijan,1518.0,20.0,907.0,591.0,2020-04-22,27,38.0,0.025675675675675746,37.857142857142854
160,Georgia,416.0,5.0,107.0,304.0,2020-04-22,23,8.0,0.019607843137254832,15.714285714285714
161,Kazakhstan,2135.0,19.0,515.0,1601.0,2020-04-22,27,140.0,0.07017543859649122,120.0
162,Kyrgyzstan,612.0,7.0,254.0,351.0,2020-04-22,22,22.0,0.03728813559322042,23.285714285714285
163,Uzbekistan,1716.0,7.0,450.0,1259.0,2020-04-22,25,38.0,0.022646007151370773,59.142857142857146
164,Armenia,1523.0,24.0,659.0,840.0,2020-04-23,35,50.0,0.0339443312966734,52.0
165,Azerbaijan,1548.0,20.0,948.0,580.0,2020-04-23,28,30.0,0.01976284584980248,37.857142857142854
166,Georgia,425.0,5.0,111.0,309.0,2020-04-23,24,9.0,0.02163461538461542,11.0
167,Kazakhstan,2289.0,20.0,560.0,1709.0,2020-04-23,28,154.0,0.0721311475409836,126.71428571428571
168,Kyrgyzstan,631.0,8.0,302.0,321.0,2020-04-23,23,19.0,0.031045751633986818,23.571428571428573
169,Uzbekistan,1758.0,7.0,561.0,1190.0,2020-04-23,26,42.0,0.02447552447552437,58.42857142857143
170,Armenia,1596.0,27.0,728.0,841.0,2020-04-24,36,73.0,0.04793171372291538,56.42857142857143
171,Azerbaijan,1592.0,21.0,1013.0,558.0,2020-04-24,29,44.0,0.028423772609819098,36.0
172,Georgia,444.0,5.0,132.0,307.0,2020-04-24,25,19.0,0.04470588235294115,10.571428571428571
173,Kazakhstan,2482.0,25.0,604.0,1853.0,2020-04-24,29,193.0,0.08431629532546969,133.71428571428572
174,Kyrgyzstan,665.0,8.0,345.0,312.0,2020-04-24,24,34.0,0.0538827258320127,25.142857142857142
175,Uzbekistan,1804.0,8.0,621.0,1175.0,2020-04-24,27,46.0,0.026166097838452806,57.0
176,Armenia,1677.0,28.0,803.0,846.0,2020-04-25,37,81.0,0.050751879699248104,61.285714285714285
177,Azerbaijan,1617.0,21.0,1080.0,516.0,2020-04-25,30,25.0,0.01570351758793964,34.857142857142854
178,Georgia,456.0,5.0,139.0,312.0,2020-04-25,26,12.0,0.027027027027026973,9.714285714285714
179,Kazakhstan,2601.0,25.0,646.0,1930.0,2020-04-25,30,119.0,0.047945205479452024,140.85714285714286
180,Kyrgyzstan,665.0,8.0,345.0,312.0,2020-04-25,25,0.0,0.0,22.714285714285715
181,Uzbekistan,1862.0,8.0,707.0,1147.0,2020-04-25,28,58.0,0.03215077605321515,53.142857142857146
182,Armenia,1746.0,28.0,833.0,885.0,2020-04-26,38,69.0,0.041144901610017826,65.0
183,Azerbaijan,1645.0,21.0,1139.0,485.0,2020-04-26,31,28.0,0.017316017316017396,35.285714285714285
184,Georgia,486.0,6.0,149.0,331.0,2020-04-26,27,30.0,0.06578947368421062,13.142857142857142
185,Kazakhstan,2717.0,25.0,682.0,2010.0,2020-04-26,31,116.0,0.044598231449442416,148.71428571428572
186,Kyrgyzstan,682.0,8.0,370.0,304.0,2020-04-26,26,17.0,0.02556390977443601,18.285714285714285
187,Uzbekistan,1869.0,8.0,789.0,1072.0,2020-04-26,29,7.0,0.003759398496240518,43.42857142857143
188,Armenia,1808.0,29.0,848.0,931.0,2020-04-27,39,62.0,0.03550973654066447,67.0
189,Azerbaijan,1678.0,22.0,1162.0,494.0,2020-04-27,32,33.0,0.02006079027355634,34.57142857142857
190,Georgia,497.0,6.0,156.0,335.0,2020-04-27,28,11.0,0.02263374485596703,13.571428571428571
191,Kazakhstan,2835.0,25.0,720.0,2090.0,2020-04-27,32,118.0,0.04343025395656985,140.42857142857142
192,Kyrgyzstan,695.0,8.0,395.0,292.0,2020-04-27,27,13.0,0.019061583577712593,18.142857142857142
193,Uzbekistan,1904.0,8.0,892.0,1004.0,2020-04-27,30,35.0,0.01872659176029967,39.57142857142857
194,Armenia,1867.0,30.0,866.0,971.0,2020-04-28,40,59.0,0.03263274336283195,66.57142857142857
195,Azerbaijan,1717.0,22.0,1221.0,474.0,2020-04-28,33,39.0,0.023241954707985624,33.857142857142854
196,Georgia,511.0,6.0,168.0,337.0,2020-04-28,29,14.0,0.028169014084507005,14.714285714285714
197,Kazakhstan,3027.0,25.0,774.0,2228.0,2020-04-28,33,192.0,0.06772486772486763,147.42857142857142
198,Kyrgyzstan,708.0,8.0,416.0,284.0,2020-04-28,28,13.0,0.018705035971223083,16.857142857142858
199,Uzbekistan,1939.0,8.0,992.0,939.0,2020-04-28,31,35.0,0.018382352941176405,37.285714285714285
200,Armenia,1932.0,30.0,900.0,1002.0,2020-04-29,41,65.0,0.034815211569362514,65.57142857142857
201,Azerbaijan,1766.0,23.0,1267.0,476.0,2020-04-29,34,49.0,0.02853814793244025,35.42857142857143
202,Georgia,517.0,6.0,178.0,333.0,2020-04-29,30,6.0,0.011741682974559797,14.428571428571429
203,Kazakhstan,3138.0,25.0,819.0,2294.0,2020-04-29,34,111.0,0.03666997026759167,143.28571428571428
204,Kyrgyzstan,729.0,8.0,437.0,284.0,2020-04-29,29,21.0,0.029661016949152463,16.714285714285715
205,Uzbekistan,2002.0,9.0,1096.0,897.0,2020-04-29,32,63.0,0.032490974729241895,40.857142857142854
206,Armenia,2066.0,32.0,929.0,1105.0,2020-04-30,42,134.0,0.06935817805383016,77.57142857142857
207,Azerbaijan,1804.0,24.0,1325.0,455.0,2020-04-30,35,38.0,0.021517553793884536,36.57142857142857
208,Georgia,539.0,6.0,184.0,349.0,2020-04-30,31,22.0,0.042553191489361764,16.285714285714285
209,Kazakhstan,3402.0,25.0,866.0,2511.0,2020-04-30,35,264.0,0.08413001912045881,159.0
210,Kyrgyzstan,746.0,8.0,462.0,276.0,2020-04-30,30,17.0,0.023319615912208436,16.428571428571427
211,Uzbekistan,2039.0,9.0,1133.0,897.0,2020-04-30,33,37.0,0.018481518481518577,40.142857142857146
212,Armenia,2148.0,33.0,977.0,1138.0,2020-05-01,43,82.0,0.039690222652468465,78.85714285714286
213,Azerbaijan,1854.0,25.0,1365.0,464.0,2020-05-01,36,50.0,0.027716186252771724,37.42857142857143
214,Georgia,566.0,7.0,207.0,352.0,2020-05-01,32,27.0,0.05009276437847876,17.428571428571427
215,Kazakhstan,3597.0,25.0,922.0,2650.0,2020-05-01,36,195.0,0.05731922398589062,159.28571428571428
216,Kyrgyzstan,756.0,8.0,504.0,244.0,2020-05-01,31,10.0,0.013404825737265424,13.0
217,Uzbekistan,2086.0,9.0,1212.0,865.0,2020-05-01,34,47.0,0.023050514958312895,40.285714285714285
218,Armenia,2273.0,33.0,1010.0,1230.0,2020-05-02,44,125.0,0.058193668528863984,85.14285714285714
219,Azerbaijan,1894.0,25.0,1411.0,458.0,2020-05-02,37,40.0,0.02157497303128375,39.57142857142857
220,Georgia,582.0,8.0,207.0,367.0,2020-05-02,33,16.0,0.028268551236749095,18.0
221,Kazakhstan,3857.0,25.0,985.0,2847.0,2020-05-02,37,260.0,0.07228245760355856,179.42857142857142
222,Kyrgyzstan,769.0,8.0,527.0,234.0,2020-05-02,32,13.0,0.01719576719576721,14.857142857142858
223,Uzbekistan,2118.0,9.0,1271.0,838.0,2020-05-02,35,32.0,0.015340364333652934,36.57142857142857
224,Armenia,2386.0,35.0,1035.0,1316.0,2020-05-03,45,113.0,0.04971403431588217,91.42857142857143
225,Azerbaijan,1932.0,25.0,1441.0,466.0,2020-05-03,38,38.0,0.020063357972544882,41.0
226,Georgia,589.0,9.0,223.0,357.0,2020-05-03,34,7.0,0.012027491408934665,14.714285714285714
227,Kazakhstan,3920.0,27.0,1084.0,2809.0,2020-05-03,38,63.0,0.016333938294010864,171.85714285714286
228,Kyrgyzstan,795.0,10.0,564.0,221.0,2020-05-03,33,26.0,0.033810143042912966,16.142857142857142
229,Tajikistan,128.0,2.0,0.0,126.0,2020-05-03,0,52.0,0.6842105263157894,
230,Uzbekistan,2149.0,10.0,1319.0,820.0,2020-05-03,36,31.0,0.014636449480642133,40.0
231,Armenia,2507.0,39.0,1071.0,1397.0,2020-05-04,46,121.0,0.050712489522212856,99.85714285714286
232,Azerbaijan,1984.0,26.0,1480.0,478.0,2020-05-04,39,52.0,0.0269151138716357,43.714285714285715
233,Georgia,593.0,9.0,223.0,361.0,2020-05-04,35,4.0,0.00679117147707986,13.714285714285714
234,Kazakhstan,4049.0,29.0,1173.0,2847.0,2020-05-04,39,129.0,0.0329081632653061,173.42857142857142
235,Kyrgyzstan,830.0,10.0,575.0,245.0,2020-05-04,34,35.0,0.04402515723270439,19.285714285714285
236,Tajikistan,230.0,3.0,0.0,227.0,2020-05-04,1,102.0,0.796875,
237,Uzbekistan,2189.0,10.0,1405.0,774.0,2020-05-04,37,40.0,0.018613308515588622,40.714285714285715
238,Armenia,2619.0,40.0,1111.0,1468.0,2020-05-05,47,112.0,0.04467491025129644,107.42857142857143
239,Azerbaijan,2060.0,26.0,1508.0,526.0,2020-05-05,40,76.0,0.03830645161290325,49.0
240,Georgia,604.0,9.0,240.0,355.0,2020-05-05,36,11.0,0.018549747048903775,13.285714285714286
241,Kazakhstan,4205.0,29.0,1279.0,2897.0,2020-05-05,40,156.0,0.038528031612743874,168.28571428571428
242,Kyrgyzstan,843.0,11.0,600.0,232.0,2020-05-05,35,13.0,0.015662650602409567,19.285714285714285
243,Tajikistan,293.0,5.0,0.0,288.0,2020-05-05,2,63.0,0.27391304347826084,
244,Uzbekistan,2207.0,10.0,1501.0,696.0,2020-05-05,38,18.0,0.008222932846048359,38.285714285714285
245,Armenia,2782.0,40.0,1135.0,1607.0,2020-05-06,48,163.0,0.062237495227186024,121.42857142857143
246,Azerbaijan,2127.0,28.0,1536.0,563.0,2020-05-06,41,67.0,0.03252427184466011,51.57142857142857
247,Georgia,610.0,9.0,269.0,332.0,2020-05-06,37,6.0,0.009933774834437026,13.285714285714286
248,Kazakhstan,4422.0,30.0,1408.0,2984.0,2020-05-06,41,217.0,0.051605231866825196,183.42857142857142
249,Kyrgyzstan,871.0,12.0,614.0,245.0,2020-05-06,36,28.0,0.033214709371292894,20.285714285714285
250,Tajikistan,379.0,8.0,0.0,371.0,2020-05-06,3,86.0,0.29351535836177467,
251,Uzbekistan,2233.0,10.0,1577.0,646.0,2020-05-06,39,26.0,0.011780697779791627,33.0
252,Armenia,2884.0,42.0,1185.0,1657.0,2020-05-07,49,102.0,0.03666427030913022,116.85714285714286
253,Azerbaijan,2204.0,28.0,1551.0,625.0,2020-05-07,42,77.0,0.036201222378937414,57.142857142857146
254,Georgia,615.0,9.0,275.0,331.0,2020-05-07,38,5.0,0.008196721311475308,10.857142857142858
255,Kazakhstan,4578.0,30.0,1518.0,3030.0,2020-05-07,42,156.0,0.03527815468113982,168.0
256,Kyrgyzstan,895.0,12.0,637.0,246.0,2020-05-07,37,24.0,0.027554535017221493,21.285714285714285
257,Tajikistan,461.0,12.0,0.0,449.0,2020-05-07,4,82.0,0.21635883905013187,
258,Uzbekistan,2298.0,10.0,1656.0,632.0,2020-05-07,40,65.0,0.029108822212270402,37.0
259,Armenia,3029.0,43.0,1218.0,1768.0,2020-05-08,50,145.0,0.05027739251040231,125.85714285714286
260,Azerbaijan,2279.0,28.0,1576.0,675.0,2020-05-08,43,75.0,0.03402903811252278,60.714285714285715
261,Georgia,623.0,10.0,288.0,325.0,2020-05-08,39,8.0,0.01300813008130075,8.142857142857142
262,Kazakhstan,4834.0,31.0,1631.0,3172.0,2020-05-08,43,256.0,0.05591961555264313,176.71428571428572
263,Kyrgyzstan,906.0,12.0,650.0,244.0,2020-05-08,38,11.0,0.012290502793296021,21.428571428571427
264,Tajikistan,522.0,12.0,0.0,510.0,2020-05-08,5,61.0,0.13232104121475063,
265,Uzbekistan,2325.0,10.0,1775.0,540.0,2020-05-08,41,27.0,0.011749347258485532,34.142857142857146
266,Armenia,3175.0,44.0,1267.0,1864.0,2020-05-09,51,146.0,0.04820072631231431,128.85714285714286
267,Azerbaijan,2422.0,31.0,1620.0,771.0,2020-05-09,44,143.0,0.06274681878016675,75.42857142857143
268,Georgia,626.0,10.0,297.0,319.0,2020-05-09,40,3.0,0.0048154093097914075,6.285714285714286
269,Kazakhstan,4975.0,31.0,1776.0,3168.0,2020-05-09,44,141.0,0.029168390566818303,159.71428571428572
270,Kyrgyzstan,931.0,12.0,658.0,261.0,2020-05-09,39,25.0,0.02759381898454749,23.142857142857142
271,Tajikistan,612.0,20.0,0.0,592.0,2020-05-09,6,90.0,0.17241379310344818,76.57142857142857
272,Uzbekistan,2349.0,10.0,1846.0,493.0,2020-05-09,42,24.0,0.010322580645161228,33.0
273,Armenia,3313.0,45.0,1325.0,1943.0,2020-05-10,52,138.0,0.04346456692913381,132.42857142857142
274,Azerbaijan,2519.0,32.0,1650.0,837.0,2020-05-10,45,97.0,0.04004954582989262,83.85714285714286
275,Georgia,635.0,10.0,309.0,316.0,2020-05-10,41,9.0,0.01437699680511173,6.571428571428571
276,Kazakhstan,5090.0,31.0,1941.0,3118.0,2020-05-10,45,115.0,0.02311557788944718,167.14285714285714
277,Kyrgyzstan,1002.0,12.0,675.0,315.0,2020-05-10,40,71.0,0.07626208378088073,29.571428571428573
278,Tajikistan,612.0,20.0,0.0,592.0,2020-05-10,7,0.0,0.0,69.14285714285714
279,Uzbekistan,2418.0,10.0,1881.0,527.0,2020-05-10,43,69.0,0.02937420178799499,38.42857142857143
280,Armenia,3392.0,46.0,1359.0,1987.0,2020-05-11,53,79.0,0.023845457289465744,126.42857142857143
281,Azerbaijan,2589.0,32.0,1680.0,877.0,2020-05-11,46,70.0,0.027788805081381485,86.42857142857143
282,Georgia,638.0,11.0,317.0,310.0,2020-05-11,42,3.0,0.0047244094488188,6.428571428571429
283,Kazakhstan,5207.0,32.0,2074.0,3101.0,2020-05-11,46,117.0,0.02298624754420442,165.42857142857142
284,Kyrgyzstan,1016.0,12.0,688.0,316.0,2020-05-11,41,14.0,0.013972055888223478,26.571428571428573
285,Tajikistan,661.0,21.0,0.0,640.0,2020-05-11,8,49.0,0.08006535947712412,61.57142857142857
286,Uzbekistan,2486.0,10.0,1988.0,488.0,2020-05-11,44,68.0,0.028122415219189456,42.42857142857143
287,Armenia,3538.0,47.0,1430.0,2061.0,2020-05-12,54,146.0,0.043042452830188704,131.28571428571428
288,Azerbaijan,2693.0,33.0,1680.0,980.0,2020-05-12,47,104.0,0.04016994978756272,90.42857142857143
289,Georgia,642.0,11.0,349.0,282.0,2020-05-12,43,4.0,0.006269592476489061,5.428571428571429
290,Kazakhstan,5279.0,32.0,2223.0,3024.0,2020-05-12,47,72.0,0.013827539850201687,153.42857142857142
291,Kyrgyzstan,1037.0,12.0,709.0,316.0,2020-05-12,42,21.0,0.02066929133858264,27.714285714285715
292,Tajikistan,729.0,21.0,0.0,708.0,2020-05-12,9,68.0,0.10287443267776086,62.285714285714285
293,Uzbekistan,2519.0,10.0,2010.0,499.0,2020-05-12,45,33.0,0.01327433628318575,44.57142857142857
294,Armenia,3718.0,48.0,1500.0,2170.0,2020-05-13,55,180.0,0.05087620124364056,133.71428571428572
295,Azerbaijan,2758.0,35.0,1789.0,934.0,2020-05-13,48,65.0,0.024136650575566243,90.14285714285714
296,Georgia,647.0,11.0,372.0,264.0,2020-05-13,44,5.0,0.007788161993769416,5.285714285714286
297,Kazakhstan,5417.0,32.0,2408.0,2977.0,2020-05-13,48,138.0,0.026141314642924796,142.14285714285714
298,Kyrgyzstan,1044.0,12.0,726.0,306.0,2020-05-13,43,7.0,0.0067502410800386325,24.714285714285715
299,Tajikistan,801.0,23.0,0.0,778.0,2020-05-13,10,72.0,0.09876543209876543,60.285714285714285
300,Uzbekistan,2612.0,11.0,2076.0,525.0,2020-05-13,46,93.0,0.03691941246526409,54.142857142857146
301,Armenia,3860.0,49.0,1572.0,2239.0,2020-05-14,56,142.0,0.03819257665411513,139.42857142857142
302,Azerbaijan,2879.0,35.0,1833.0,1011.0,2020-05-14,49,121.0,0.043872371283538714,96.42857142857143
303,Georgia,667.0,12.0,383.0,272.0,2020-05-14,45,20.0,0.03091190108191655,7.428571428571429
304,Kazakhstan,5571.0,32.0,2531.0,3008.0,2020-05-14,49,154.0,0.02842901975263068,141.85714285714286
305,Kyrgyzstan,1082.0,12.0,735.0,335.0,2020-05-14,44,38.0,0.03639846743295028,26.714285714285715
306,Tajikistan,907.0,29.0,0.0,878.0,2020-05-14,11,106.0,0.13233458177278412,63.714285714285715
307,Uzbekistan,2645.0,11.0,2136.0,498.0,2020-05-14,47,33.0,0.012633996937212899,49.57142857142857
308,Armenia,4044.0,52.0,1666.0,2326.0,2020-05-15,57,184.0,0.04766839378238341,145.0
309,Azerbaijan,2980.0,36.0,1886.0,1058.0,2020-05-15,50,101.0,0.03508162556443217,100.14285714285714
310,Georgia,671.0,12.0,393.0,266.0,2020-05-15,46,4.0,0.0059970014992503096,6.857142857142857
311,Kazakhstan,5689.0,34.0,2707.0,2948.0,2020-05-15,50,118.0,0.02118111649614063,122.14285714285714
312,Kyrgyzstan,1111.0,14.0,745.0,352.0,2020-05-15,45,29.0,0.026802218114602594,29.285714285714285
313,Tajikistan,1118.0,33.0,0.0,1085.0,2020-05-15,12,211.0,0.2326350606394707,85.14285714285714
314,Uzbekistan,2686.0,11.0,2158.0,517.0,2020-05-15,48,41.0,0.015500945179584225,51.57142857142857
315,Armenia,4283.0,55.0,1791.0,2437.0,2020-05-16,58,239.0,0.05909990108803176,158.28571428571428
316,Azerbaijan,3138.0,36.0,1944.0,1158.0,2020-05-16,51,158.0,0.053020134228187965,102.28571428571429
317,Georgia,683.0,12.0,419.0,252.0,2020-05-16,47,12.0,0.017883755588673722,8.142857142857142
318,Kazakhstan,5850.0,34.0,2980.0,2836.0,2020-05-16,51,161.0,0.028300228511161984,125.0
319,Kyrgyzstan,1117.0,14.0,783.0,320.0,2020-05-16,46,6.0,0.005400540054005365,26.571428571428573
320,Tajikistan,1322.0,36.0,0.0,1286.0,2020-05-16,13,204.0,0.18246869409660116,101.42857142857143
321,Uzbekistan,2738.0,11.0,2213.0,514.0,2020-05-16,49,52.0,0.0193596425912137,55.57142857142857
322,Armenia,4472.0,60.0,1925.0,2487.0,2020-05-17,59,189.0,0.04412794770021011,165.57142857142858
323,Azerbaijan,3274.0,39.0,2015.0,1220.0,2020-05-17,52,136.0,0.0433397068196304,107.85714285714286
324,Georgia,695.0,12.0,425.0,258.0,2020-05-17,48,12.0,0.017569546120058455,8.571428571428571
325,Kazakhstan,6157.0,34.0,3256.0,2867.0,2020-05-17,52,307.0,0.05247863247863238,152.42857142857142
326,Kyrgyzstan,1138.0,14.0,804.0,320.0,2020-05-17,47,21.0,0.018800358102059045,19.428571428571427
327,Tajikistan,1524.0,39.0,0.0,1485.0,2020-05-17,14,202.0,0.15279878971255667,130.28571428571428
328,Uzbekistan,2753.0,12.0,2247.0,494.0,2020-05-17,50,15.0,0.00547845142439729,47.857142857142854
329,Armenia,4823.0,61.0,2019.0,2743.0,2020-05-18,60,351.0,0.07848837209302317,204.42857142857142
330,Azerbaijan,3387.0,40.0,2055.0,1292.0,2020-05-18,53,113.0,0.03451435552840554,114.0
331,Georgia,701.0,12.0,432.0,257.0,2020-05-18,49,6.0,0.008633093525179936,9.0
332,Kazakhstan,6751.0,35.0,3469.0,3247.0,2020-05-18,53,594.0,0.09647555627740778,220.57142857142858
333,Kyrgyzstan,1216.0,14.0,827.0,375.0,2020-05-18,48,78.0,0.06854130052724083,28.571428571428573
334,Tajikistan,1729.0,41.0,0.0,1688.0,2020-05-18,15,205.0,0.13451443569553811,152.57142857142858
335,Uzbekistan,2791.0,13.0,2314.0,464.0,2020-05-18,51,38.0,0.013803123864874589,43.57142857142857
336,Armenia,5041.0,64.0,2164.0,2813.0,2020-05-19,61,218.0,0.04520008293593203,214.71428571428572
337,Azerbaijan,3518.0,41.0,2198.0,1279.0,2020-05-19,54,131.0,0.038677295541777346,117.85714285714286
338,Georgia,707.0,12.0,456.0,239.0,2020-05-19,50,6.0,0.008559201141226769,9.285714285714286
339,Kazakhstan,6751.0,35.0,3598.0,3118.0,2020-05-19,54,0.0,0.0,210.28571428571428
340,Kyrgyzstan,1243.0,14.0,898.0,331.0,2020-05-19,49,27.0,0.022203947368421018,29.428571428571427
341,Tajikistan,1936.0,41.0,641.0,1254.0,2020-05-19,16,207.0,0.11972238288027759,172.42857142857142
342,Uzbekistan,2855.0,13.0,2338.0,504.0,2020-05-19,52,64.0,0.022930849158007804,48.0
343,Armenia,5271.0,67.0,2419.0,2785.0,2020-05-20,62,230.0,0.04562586788335654,221.85714285714286
344,Azerbaijan,3631.0,43.0,2253.0,1335.0,2020-05-20,55,113.0,0.03212052302444568,124.71428571428571
345,Georgia,713.0,12.0,475.0,226.0,2020-05-20,51,6.0,0.008486562942008558,9.428571428571429
346,Kazakhstan,6969.0,35.0,3734.0,3200.0,2020-05-20,55,218.0,0.03229151236853789,221.71428571428572
347,Kyrgyzstan,1270.0,14.0,910.0,346.0,2020-05-20,50,27.0,0.021721641190667773,32.285714285714285
348,Tajikistan,2140.0,41.0,470.0,1629.0,2020-05-20,17,204.0,0.10537190082644621,191.28571428571428
349,Uzbekistan,2939.0,13.0,2372.0,554.0,2020-05-20,53,84.0,0.02942206654991253,46.714285714285715
350,Armenia,5606.0,70.0,2581.0,2955.0,2020-05-21,63,335.0,0.06355530259912734,249.42857142857142
351,Azerbaijan,3749.0,44.0,2340.0,1365.0,2020-05-21,56,118.0,0.03249793445331872,124.28571428571429
352,Georgia,721.0,12.0,485.0,224.0,2020-05-21,52,8.0,0.011220196353436185,7.714285714285714
353,Kazakhstan,7234.0,35.0,3843.0,3356.0,2020-05-21,56,265.0,0.03802554168460315,237.57142857142858
354,Kyrgyzstan,1313.0,14.0,923.0,376.0,2020-05-21,51,43.0,0.03385826771653533,33.0
355,Tajikistan,2350.0,44.0,470.0,1836.0,2020-05-21,18,210.0,0.0981308411214954,206.14285714285714
356,Uzbekistan,2964.0,13.0,2407.0,544.0,2020-05-21,54,25.0,0.008506294658046976,45.57142857142857
357,Armenia,5928.0,74.0,2874.0,2980.0,2020-05-22,64,322.0,0.057438458794149216,269.14285714285717
358,Azerbaijan,3855.0,46.0,2399.0,1410.0,2020-05-22,57,106.0,0.02827420645505474,125.0
359,Georgia,723.0,12.0,495.0,216.0,2020-05-22,53,2.0,0.00277392510402219,7.428571428571429
360,Kazakhstan,7919.0,35.0,4096.0,3788.0,2020-05-22,57,685.0,0.09469173348078508,318.57142857142856
361,Kyrgyzstan,1350.0,14.0,939.0,397.0,2020-05-22,52,37.0,0.028179741051028273,34.142857142857146
362,Tajikistan,2551.0,44.0,1089.0,1418.0,2020-05-22,19,201.0,0.08553191489361711,204.71428571428572
363,Uzbekistan,3028.0,13.0,2492.0,523.0,2020-05-22,55,64.0,0.021592442645074206,48.857142857142854
364,Armenia,6302.0,77.0,2936.0,3289.0,2020-05-23,65,374.0,0.06309041835357632,288.42857142857144
365,Azerbaijan,3982.0,49.0,2506.0,1427.0,2020-05-23,58,127.0,0.03294422827496768,120.57142857142857
366,Georgia,728.0,12.0,509.0,207.0,2020-05-23,54,5.0,0.006915629322268302,6.428571428571429
367,Kazakhstan,7919.0,35.0,4214.0,3670.0,2020-05-23,58,0.0,0.0,295.57142857142856
368,Kyrgyzstan,1365.0,14.0,957.0,394.0,2020-05-23,53,15.0,0.011111111111111072,35.42857142857143
369,Tajikistan,2738.0,44.0,1223.0,1471.0,2020-05-23,20,187.0,0.07330458643669147,202.28571428571428
370,Uzbekistan,3115.0,13.0,2532.0,570.0,2020-05-23,56,87.0,0.028731836195508675,53.857142857142854
371,Armenia,6661.0,81.0,3064.0,3516.0,2020-05-24,66,359.0,0.0569660425261822,312.7142857142857
372,Azerbaijan,4122.0,49.0,2607.0,1466.0,2020-05-24,59,140.0,0.035158211953792096,121.14285714285714
373,Georgia,730.0,12.0,522.0,196.0,2020-05-24,55,2.0,0.0027472527472527375,5.0
374,Kazakhstan,8531.0,35.0,4352.0,4144.0,2020-05-24,59,612.0,0.07728248516226799,339.14285714285717
375,Kyrgyzstan,1403.0,14.0,980.0,409.0,2020-05-24,54,38.0,0.02783882783882774,37.857142857142854
376,Tajikistan,2929.0,46.0,1301.0,1582.0,2020-05-24,21,191.0,0.06975894813732642,200.71428571428572
377,Uzbekistan,3164.0,13.0,2565.0,586.0,2020-05-24,57,49.0,0.01573033707865168,58.714285714285715
378,Armenia,7113.0,87.0,3145.0,3881.0,2020-05-25,67,452.0,0.06785767902717299,327.14285714285717
379,Azerbaijan,4271.0,51.0,2741.0,1479.0,2020-05-25,60,149.0,0.036147501213003475,126.28571428571429
380,Georgia,731.0,12.0,526.0,193.0,2020-05-25,56,1.0,0.00136986301369868,4.285714285714286
381,Kazakhstan,8969.0,35.0,4515.0,4419.0,2020-05-25,60,438.0,0.05134216387293411,316.85714285714283
382,Kyrgyzstan,1433.0,16.0,992.0,425.0,2020-05-25,55,30.0,0.021382751247327247,31.0
383,Tajikistan,3100.0,46.0,1395.0,1659.0,2020-05-25,22,171.0,0.058381700238989476,195.85714285714286
384,Uzbekistan,3189.0,13.0,2607.0,569.0,2020-05-25,58,25.0,0.00790139064475337,56.857142857142854
385,Armenia,7402.0,91.0,3220.0,4091.0,2020-05-26,68,289.0,0.04062983270068887,337.2857142857143
386,Azerbaijan,4403.0,52.0,2819.0,1532.0,2020-05-26,61,132.0,0.030906110981034907,126.42857142857143
387,Georgia,732.0,12.0,537.0,183.0,2020-05-26,57,1.0,0.001367989056087593,3.5714285714285716
388,Kazakhstan,8969.0,37.0,4613.0,4319.0,2020-05-26,61,0.0,0.0,316.85714285714283
389,Kyrgyzstan,1468.0,16.0,1015.0,437.0,2020-05-26,56,35.0,0.02442428471737612,32.142857142857146
390,Tajikistan,3266.0,47.0,1417.0,1802.0,2020-05-26,23,166.0,0.05354838709677412,190.0
391,Uzbekistan,3290.0,14.0,2636.0,640.0,2020-05-26,59,101.0,0.03167137033552847,62.142857142857146
392,Armenia,7774.0,98.0,3255.0,4421.0,2020-05-27,69,372.0,0.05025668738178868,357.57142857142856
393,Azerbaijan,4568.0,54.0,2897.0,1617.0,2020-05-27,62,165.0,0.037474449239155216,133.85714285714286
394,Georgia,735.0,12.0,557.0,166.0,2020-05-27,58,3.0,0.004098360655737654,3.142857142857143
395,Kazakhstan,9304.0,37.0,4768.0,4499.0,2020-05-27,62,335.0,0.03735087523692715,333.57142857142856
396,Kyrgyzstan,1520.0,16.0,1043.0,461.0,2020-05-27,57,52.0,0.03542234332425065,35.714285714285715
397,Tajikistan,3424.0,47.0,1575.0,1802.0,2020-05-27,24,158.0,0.048377219840783914,183.42857142857142
398,Uzbekistan,3369.0,14.0,2668.0,687.0,2020-05-27,60,79.0,0.02401215805471124,61.42857142857143
399,Armenia,8216.0,113.0,3287.0,4816.0,2020-05-28,70,442.0,0.05685618729096986,372.85714285714283
400,Azerbaijan,4759.0,56.0,3022.0,1681.0,2020-05-28,63,191.0,0.04181260945709275,144.28571428571428
401,Georgia,738.0,12.0,573.0,153.0,2020-05-28,59,3.0,0.004081632653061273,2.4285714285714284
402,Kazakhstan,9576.0,37.0,4900.0,4639.0,2020-05-28,63,272.0,0.02923473774720553,334.57142857142856
403,Kyrgyzstan,1594.0,16.0,1066.0,512.0,2020-05-28,58,74.0,0.048684210526315885,40.142857142857146
404,Tajikistan,3563.0,47.0,1674.0,1842.0,2020-05-28,25,139.0,0.040595794392523255,173.28571428571428
405,Uzbekistan,3444.0,14.0,2694.0,736.0,2020-05-28,61,75.0,0.022261798753339335,68.57142857142857
406,Armenia,8676.0,120.0,3297.0,5259.0,2020-05-29,71,460.0,0.05598831548198646,392.57142857142856
407,Azerbaijan,4989.0,58.0,3125.0,1806.0,2020-05-29,64,230.0,0.04832948098339984,162.0
408,Georgia,746.0,12.0,576.0,158.0,2020-05-29,60,8.0,0.01084010840108407,3.2857142857142856
409,Kazakhstan,9932.0,37.0,5057.0,4838.0,2020-05-29,64,356.0,0.037176274018379196,287.57142857142856
410,Kyrgyzstan,1662.0,16.0,1088.0,558.0,2020-05-29,59,68.0,0.042659974905897124,44.57142857142857
411,Tajikistan,3686.0,47.0,1769.0,1870.0,2020-05-29,26,123.0,0.03452147067078304,162.14285714285714
412,Uzbekistan,3468.0,14.0,2728.0,726.0,2020-05-29,62,24.0,0.006968641114982521,62.857142857142854
413,Armenia,8927.0,127.0,3317.0,5483.0,2020-05-30,72,251.0,0.028930382664822396,375.0
414,Azerbaijan,5246.0,61.0,3327.0,1858.0,2020-05-30,65,257.0,0.05151332932451402,180.57142857142858
415,Georgia,757.0,12.0,600.0,145.0,2020-05-30,61,11.0,0.014745308310991856,4.142857142857143
416,Kazakhstan,10382.0,38.0,5220.0,5124.0,2020-05-30,65,450.0,0.045308095046314945,351.85714285714283
417,Kyrgyzstan,1722.0,16.0,1113.0,593.0,2020-05-30,60,60.0,0.036101083032491044,51.0
418,Tajikistan,3807.0,47.0,1865.0,1895.0,2020-05-30,27,121.0,0.03282691264243076,152.71428571428572
419,Uzbekistan,3546.0,14.0,2783.0,749.0,2020-05-30,63,78.0,0.02249134948096887,61.57142857142857
420,Armenia,9282.0,131.0,3386.0,5765.0,2020-05-31,73,355.0,0.039766998991822566,374.42857142857144
421,Azerbaijan,5494.0,63.0,3428.0,2003.0,2020-05-31,66,248.0,0.04727411361036982,196.0
422,Georgia,783.0,12.0,605.0,166.0,2020-05-31,62,26.0,0.034346103038309206,7.571428571428571
423,Kazakhstan,10858.0,40.0,5404.0,5414.0,2020-05-31,66,476.0,0.045848584087844424,332.42857142857144
424,Kyrgyzstan,1748.0,16.0,1170.0,562.0,2020-05-31,61,26.0,0.015098722415795685,49.285714285714285
425,Tajikistan,3930.0,47.0,2004.0,1879.0,2020-05-31,28,123.0,0.03230890464933012,143.0
426,Uzbekistan,3623.0,15.0,2837.0,771.0,2020-05-31,64,77.0,0.02171460800902425,65.57142857142857
427,Armenia,9492.0,139.0,3402.0,5951.0,2020-06-01,74,210.0,0.02262443438914019,339.85714285714283
428,Azerbaijan,5662.0,68.0,3508.0,2086.0,2020-06-01,67,168.0,0.030578813250819126,198.71428571428572
429,Georgia,794.0,12.0,624.0,158.0,2020-06-01,63,11.0,0.01404853128991057,9.0
430,Kazakhstan,11308.0,41.0,5587.0,5680.0,2020-06-01,67,450.0,0.04144409651869596,334.14285714285717
431,Kyrgyzstan,1817.0,16.0,1181.0,620.0,2020-06-01,62,69.0,0.03947368421052633,54.857142857142854
432,Tajikistan,4013.0,47.0,2089.0,1877.0,2020-06-01,29,83.0,0.02111959287531806,130.42857142857142
433,Uzbekistan,3702.0,15.0,2859.0,828.0,2020-06-01,65,79.0,0.021805133866961146,73.28571428571429
434,Armenia,10009.0,158.0,3427.0,6424.0,2020-06-02,75,517.0,0.05446691951116733,372.42857142857144
435,Azerbaijan,5935.0,71.0,3564.0,2300.0,2020-06-02,68,273.0,0.04821617802896494,218.85714285714286
436,Georgia,796.0,13.0,634.0,149.0,2020-06-02,64,2.0,0.0025188916876575096,9.142857142857142
437,Kazakhstan,11571.0,44.0,5941.0,5586.0,2020-06-02,68,263.0,0.023257870534135083,371.7142857142857
438,Kyrgyzstan,1845.0,17.0,1219.0,609.0,2020-06-02,63,28.0,0.015410016510732039,53.857142857142854
439,Tajikistan,4100.0,47.0,2217.0,1836.0,2020-06-02,30,87.0,0.02167954149015694,119.14285714285714
440,Uzbekistan,3760.0,15.0,2908.0,837.0,2020-06-02,66,58.0,0.015667206915181087,67.14285714285714
441,Armenia,10524.0,170.0,3454.0,6900.0,2020-06-03,76,515.0,0.051453691677490365,392.85714285714283
442,Azerbaijan,6260.0,76.0,3665.0,2519.0,2020-06-03,69,325.0,0.05475989890480193,241.71428571428572
443,Georgia,800.0,13.0,640.0,147.0,2020-06-03,65,4.0,0.005025125628140614,9.285714285714286
444,Kazakhstan,12067.0,48.0,6240.0,5779.0,2020-06-03,69,496.0,0.04286578515253647,394.7142857142857
445,Kyrgyzstan,1871.0,20.0,1265.0,586.0,2020-06-03,64,26.0,0.014092140921409202,50.142857142857146
446,Tajikistan,4191.0,48.0,2347.0,1796.0,2020-06-03,31,91.0,0.022195121951219532,109.57142857142857
447,Uzbekistan,3843.0,16.0,3014.0,813.0,2020-06-03,67,83.0,0.02207446808510638,67.71428571428571
448,Armenia,11221.0,176.0,3468.0,7577.0,2020-06-04,77,697.0,0.06622957050551115,429.2857142857143
449,Azerbaijan,6522.0,78.0,3737.0,2707.0,2020-06-04,70,262.0,0.041853035143770034,251.85714285714286
450,Georgia,801.0,13.0,644.0,144.0,2020-06-04,66,1.0,0.0012499999999999734,9.0
451,Kazakhstan,12067.0,52.0,6606.0,5409.0,2020-06-04,70,0.0,0.0,355.85714285714283
452,Kyrgyzstan,1899.0,20.0,1292.0,587.0,2020-06-04,65,28.0,0.014965259219668736,43.57142857142857
453,Tajikistan,4289.0,48.0,2401.0,1840.0,2020-06-04,32,98.0,0.023383440706275405,103.71428571428571
454,Uzbekistan,3939.0,16.0,3087.0,836.0,2020-06-04,68,96.0,0.024980483996877467,70.71428571428571
455,Armenia,11817.0,183.0,3513.0,8121.0,2020-06-05,78,596.0,0.05311469565992333,448.7142857142857
456,Azerbaijan,6860.0,82.0,3871.0,2907.0,2020-06-05,71,338.0,0.05182459368291936,267.2857142857143
457,Georgia,805.0,13.0,650.0,142.0,2020-06-05,67,4.0,0.004993757802746579,8.428571428571429
458,Kazakhstan,12312.0,52.0,6903.0,5357.0,2020-06-05,71,245.0,0.020303306538493437,340.0
459,Kyrgyzstan,1936.0,22.0,1340.0,574.0,2020-06-05,66,37.0,0.0194839389152186,39.142857142857146
460,Tajikistan,4370.0,48.0,2491.0,1831.0,2020-06-05,33,81.0,0.01888552110048969,97.71428571428571
461,Uzbekistan,4007.0,16.0,3247.0,744.0,2020-06-05,69,68.0,0.01726326478801732,77.0
462,Armenia,12364.0,190.0,3720.0,8454.0,2020-06-06,79,547.0,0.04628924430904635,491.0
463,Azerbaijan,7239.0,84.0,4024.0,3131.0,2020-06-06,72,379.0,0.05524781341107876,284.7142857142857
464,Georgia,808.0,13.0,663.0,132.0,2020-06-06,68,3.0,0.003726708074534235,7.285714285714286
465,Kazakhstan,12511.0,53.0,7135.0,5323.0,2020-06-06,72,199.0,0.01616309291747897,304.14285714285717
466,Kyrgyzstan,1974.0,22.0,1360.0,592.0,2020-06-06,67,38.0,0.019628099173553792,36.0
467,Tajikistan,4453.0,48.0,2583.0,1822.0,2020-06-06,34,83.0,0.01899313501144162,92.28571428571429
468,Uzbekistan,4094.0,17.0,3268.0,809.0,2020-06-06,70,87.0,0.02171200399301232,78.28571428571429
469,Armenia,13130.0,200.0,4014.0,8916.0,2020-06-07,80,766.0,0.06195406017470084,549.7142857142857
470,Azerbaijan,7553.0,88.0,4149.0,3316.0,2020-06-07,73,314.0,0.04337615692775243,294.14285714285717
471,Georgia,809.0,13.0,674.0,122.0,2020-06-07,69,1.0,0.0012376237623761277,3.7142857142857144
472,Kazakhstan,12694.0,56.0,7376.0,5262.0,2020-06-07,73,183.0,0.01462712812724809,262.2857142857143
473,Kyrgyzstan,2007.0,22.0,1425.0,560.0,2020-06-07,68,33.0,0.016717325227963542,37.0
474,Tajikistan,4529.0,48.0,2673.0,1808.0,2020-06-07,35,76.0,0.017067145744442014,85.57142857142857
475,Uzbekistan,4331.0,17.0,3354.0,960.0,2020-06-07,71,237.0,0.05788959452857845,101.14285714285714
476,Armenia,13325.0,211.0,4099.0,9015.0,2020-06-08,81,195.0,0.014851485148514865,547.5714285714286
477,Azerbaijan,7876.0,93.0,4377.0,3406.0,2020-06-08,74,323.0,0.042764464451211515,316.2857142857143
478,Georgia,812.0,13.0,683.0,116.0,2020-06-08,70,3.0,0.003708281829418958,2.5714285714285716
479,Kazakhstan,12859.0,56.0,7376.0,5427.0,2020-06-08,74,165.0,0.012998266897746857,221.57142857142858
480,Kyrgyzstan,2032.0,23.0,1445.0,564.0,2020-06-08,69,25.0,0.012456402590931726,30.714285714285715
481,Tajikistan,4609.0,48.0,2763.0,1798.0,2020-06-08,36,80.0,0.017663943475380917,85.14285714285714
482,Uzbekistan,4440.0,18.0,3357.0,1065.0,2020-06-08,72,109.0,0.025167397829600535,105.42857142857143
483,Armenia,13675.0,217.0,4451.0,9007.0,2020-06-09,82,350.0,0.026266416510319024,523.7142857142857
484,Azerbaijan,8191.0,98.0,4606.0,3487.0,2020-06-09,75,315.0,0.03999492127983739,322.2857142857143
485,Georgia,818.0,13.0,686.0,119.0,2020-06-09,71,6.0,0.00738916256157629,3.142857142857143
486,Kazakhstan,13074.0,61.0,8015.0,4998.0,2020-06-09,75,215.0,0.016719807138968923,214.71428571428572
487,Kyrgyzstan,2055.0,24.0,1483.0,548.0,2020-06-09,70,23.0,0.011318897637795367,30.0
488,Tajikistan,4690.0,48.0,2815.0,1827.0,2020-06-09,37,81.0,0.01757431113039698,84.28571428571429
489,Uzbekistan,4520.0,18.0,3459.0,1043.0,2020-06-09,73,80.0,0.018018018018018056,108.57142857142857
490,Armenia,14103.0,227.0,5226.0,8650.0,2020-06-10,83,428.0,0.03129798903107872,511.2857142857143
491,Azerbaijan,8530.0,102.0,4720.0,3708.0,2020-06-10,76,339.0,0.041386888047857395,324.2857142857143
492,Georgia,827.0,13.0,690.0,124.0,2020-06-10,72,9.0,0.011002444987775029,3.857142857142857
493,Kazakhstan,13319.0,67.0,8345.0,4907.0,2020-06-10,76,245.0,0.018739482943246122,178.85714285714286
494,Kyrgyzstan,2093.0,26.0,1572.0,495.0,2020-06-10,71,38.0,0.018491484184914864,31.714285714285715
495,Tajikistan,4763.0,48.0,2947.0,1768.0,2020-06-10,38,73.0,0.015565031982942346,81.71428571428571
496,Uzbekistan,4623.0,19.0,3532.0,1072.0,2020-06-10,74,103.0,0.0227876106194691,111.42857142857143
497,Armenia,14669.0,245.0,5466.0,8958.0,2020-06-11,84,566.0,0.04013330497057366,492.57142857142856
498,Azerbaijan,8882.0,108.0,4930.0,3844.0,2020-06-11,77,352.0,0.041266119577960225,337.14285714285717
499,Georgia,831.0,13.0,694.0,124.0,2020-06-11,73,4.0,0.0048367593712213,4.285714285714286
500,Kazakhstan,13872.0,67.0,8593.0,5212.0,2020-06-11,77,553.0,0.04151963360612654,257.85714285714283
501,Kyrgyzstan,2166.0,26.0,1668.0,472.0,2020-06-11,72,73.0,0.03487816531294796,38.142857142857146
502,Tajikistan,4834.0,49.0,3062.0,1723.0,2020-06-11,39,71.0,0.014906571488557674,77.85714285714286
503,Uzbekistan,4741.0,19.0,3637.0,1085.0,2020-06-11,75,118.0,0.02552455115725727,114.57142857142857
504,Armenia,15281.0,258.0,5639.0,9384.0,2020-06-12,85,612.0,0.041720635353466484,494.85714285714283
505,Azerbaijan,9218.0,113.0,5116.0,3989.0,2020-06-12,78,336.0,0.03782931772123388,336.85714285714283
506,Georgia,843.0,13.0,697.0,133.0,2020-06-12,74,12.0,0.014440433212996373,5.428571428571429
507,Kazakhstan,13872.0,70.0,8829.0,4973.0,2020-06-12,78,0.0,0.0,222.85714285714286
508,Kyrgyzstan,2166.0,26.0,1668.0,472.0,2020-06-12,73,0.0,0.0,32.857142857142854
509,Tajikistan,4902.0,49.0,3158.0,1695.0,2020-06-12,40,68.0,0.014067025237898267,76.0
510,Uzbekistan,4869.0,19.0,3758.0,1092.0,2020-06-12,76,128.0,0.026998523518245054,123.14285714285714
511,Armenia,16004.0,264.0,6081.0,9659.0,2020-06-13,86,723.0,0.047313657483148974,520.0
512,Azerbaijan,9570.0,115.0,5309.0,4146.0,2020-06-13,79,352.0,0.038186157517899666,333.0
513,Georgia,851.0,14.0,702.0,135.0,2020-06-13,75,8.0,0.009489916963226541,6.142857142857143
514,Kazakhstan,14238.0,73.0,8829.0,5336.0,2020-06-13,79,366.0,0.02638408304498263,246.71428571428572
515,Kyrgyzstan,2207.0,27.0,1722.0,458.0,2020-06-13,74,41.0,0.018928901200369275,33.285714285714285
516,Tajikistan,4971.0,50.0,3288.0,1633.0,2020-06-13,41,69.0,0.014075887392900777,74.0
517,Uzbekistan,4966.0,19.0,3874.0,1073.0,2020-06-13,77,97.0,0.019921955226946064,124.57142857142857
518,Armenia,16667.0,269.0,6214.0,10184.0,2020-06-14,87,663.0,0.04142714321419638,505.2857142857143
519,Azerbaijan,9957.0,119.0,5583.0,4255.0,2020-06-14,80,387.0,0.04043887147335412,343.42857142857144
520,Georgia,864.0,14.0,703.0,147.0,2020-06-14,76,13.0,0.01527614571092828,7.857142857142857
521,Kazakhstan,14496.0,77.0,9188.0,5231.0,2020-06-14,80,258.0,0.018120522545301387,257.42857142857144
522,Kyrgyzstan,2285.0,27.0,1791.0,467.0,2020-06-14,75,78.0,0.03534209333937466,39.714285714285715
523,Tajikistan,5035.0,50.0,3409.0,1576.0,2020-06-14,42,64.0,0.012874673104003254,72.28571428571429
524,Uzbekistan,5080.0,19.0,3943.0,1118.0,2020-06-14,78,114.0,0.02295610149013294,107.0
525,Armenia,17064.0,285.0,6276.0,10503.0,2020-06-15,88,397.0,0.02381952360952777,534.1428571428571
526,Azerbaijan,10324.0,122.0,5739.0,4463.0,2020-06-15,81,367.0,0.036858491513508174,349.7142857142857
527,Georgia,879.0,14.0,704.0,161.0,2020-06-15,77,15.0,0.01736111111111116,9.571428571428571
528,Kazakhstan,15192.0,81.0,9388.0,5723.0,2020-06-15,81,696.0,0.04801324503311255,333.2857142857143
529,Kyrgyzstan,2472.0,28.0,1847.0,597.0,2020-06-15,76,187.0,0.08183807439824942,62.857142857142854
530,Tajikistan,5097.0,50.0,3503.0,1544.0,2020-06-15,43,62.0,0.01231380337636545,69.71428571428571
531,Uzbekistan,5263.0,19.0,4019.0,1225.0,2020-06-15,79,183.0,0.036023622047244075,117.57142857142857
532,Armenia,17489.0,293.0,6571.0,10625.0,2020-06-16,89,425.0,0.024906235349273276,544.8571428571429
533,Azerbaijan,10662.0,126.0,5948.0,4588.0,2020-06-16,82,338.0,0.03273924835335151,353.0
534,Georgia,879.0,14.0,724.0,141.0,2020-06-16,78,0.0,0.0,8.714285714285714
535,Kazakhstan,15542.0,88.0,9647.0,5807.0,2020-06-16,82,350.0,0.023038441284886746,352.57142857142856
536,Kyrgyzstan,2562.0,30.0,1902.0,630.0,2020-06-16,77,90.0,0.03640776699029136,72.42857142857143
537,Tajikistan,5160.0,50.0,3624.0,1486.0,2020-06-16,44,63.0,0.012360211889346662,67.14285714285714
538,Uzbekistan,5493.0,19.0,4096.0,1378.0,2020-06-16,80,230.0,0.04370131103933117,139.0
539,Armenia,18033.0,302.0,6814.0,10917.0,2020-06-17,90,544.0,0.031105266167305246,561.4285714285714
540,Azerbaijan,10991.0,133.0,6075.0,4783.0,2020-06-17,83,329.0,0.030857250046895546,351.57142857142856
541,Georgia,888.0,14.0,731.0,143.0,2020-06-17,79,9.0,0.010238907849829282,8.714285714285714
542,Kazakhstan,15877.0,97.0,9920.0,5860.0,2020-06-17,83,335.0,0.02155449749067051,365.42857142857144
543,Kyrgyzstan,2657.0,31.0,1933.0,693.0,2020-06-17,78,95.0,0.03708040593286488,80.57142857142857
544,Tajikistan,5221.0,51.0,3700.0,1470.0,2020-06-17,45,61.0,0.011821705426356521,65.42857142857143
545,Uzbekistan,5682.0,19.0,4131.0,1532.0,2020-06-17,81,189.0,0.034407427635172017,151.28571428571428
546,Armenia,18698.0,309.0,7560.0,10829.0,2020-06-18,91,665.0,0.036876836910109345,575.5714285714286
547,Azerbaijan,11329.0,139.0,6192.0,4998.0,2020-06-18,84,338.0,0.03075243380948045,349.57142857142856
548,Georgia,893.0,14.0,739.0,140.0,2020-06-18,80,5.0,0.005630630630630629,8.857142857142858
549,Kazakhstan,15877.0,100.0,10065.0,5712.0,2020-06-18,84,0.0,0.0,286.42857142857144
550,Kyrgyzstan,2657.0,31.0,1933.0,693.0,2020-06-18,79,0.0,0.0,70.14285714285714
551,Tajikistan,5279.0,51.0,3762.0,1466.0,2020-06-18,46,58.0,0.011108982953457192,63.57142857142857
552,Uzbekistan,5767.0,19.0,4166.0,1582.0,2020-06-18,82,85.0,0.014959521295318634,146.57142857142858
553,Armenia,19157.0,319.0,8266.0,10572.0,2020-06-19,92,459.0,0.024548080008557127,553.7142857142857
554,Azerbaijan,11767.0,143.0,6325.0,5299.0,2020-06-19,85,438.0,0.0386618412922588,364.14285714285717
555,Georgia,896.0,14.0,741.0,141.0,2020-06-19,81,3.0,0.0033594624860022737,7.571428571428571
556,Kazakhstan,16779.0,113.0,10411.0,6255.0,2020-06-19,85,902.0,0.05681174025319646,415.2857142857143
557,Kyrgyzstan,2789.0,32.0,1961.0,796.0,2020-06-19,80,132.0,0.04968009032743703,89.0
558,Tajikistan,5338.0,51.0,3830.0,1457.0,2020-06-19,47,59.0,0.01117635915893156,62.285714285714285
559,Uzbekistan,5946.0,19.0,4273.0,1654.0,2020-06-19,83,179.0,0.031038668285070292,153.85714285714286
560,Armenia,19708.0,332.0,8854.0,10522.0,2020-06-20,93,551.0,0.028762332306728533,529.1428571428571
561,Azerbaijan,12238.0,148.0,6516.0,5574.0,2020-06-20,86,471.0,0.040027194697034085,381.14285714285717
562,Georgia,898.0,14.0,752.0,132.0,2020-06-20,82,2.0,0.0022321428571427937,6.714285714285714
563,Kazakhstan,17225.0,118.0,10671.0,6436.0,2020-06-20,86,446.0,0.02658084510399905,426.7142857142857
564,Kyrgyzstan,2981.0,35.0,1981.0,965.0,2020-06-20,81,192.0,0.06884187880960924,110.57142857142857
565,Tajikistan,5399.0,52.0,3894.0,1453.0,2020-06-20,48,61.0,0.011427500936680435,61.142857142857146
566,Uzbekistan,6153.0,19.0,4290.0,1844.0,2020-06-20,84,207.0,0.03481331987891023,169.57142857142858
567,Armenia,20268.0,350.0,9002.0,10916.0,2020-06-21,94,560.0,0.028414856910899067,514.4285714285714
568,Azerbaijan,12729.0,154.0,6799.0,5776.0,2020-06-21,87,491.0,0.04012093479326695,396.0
569,Georgia,906.0,14.0,755.0,137.0,2020-06-21,83,8.0,0.008908685968819663,6.0
570,Kazakhstan,17732.0,120.0,10897.0,6715.0,2020-06-21,87,507.0,0.029433962264150848,462.2857142857143
571,Kyrgyzstan,3356.0,40.0,2021.0,1295.0,2020-06-21,82,375.0,0.12579671251257962,153.0
572,Tajikistan,5457.0,52.0,3995.0,1410.0,2020-06-21,49,58.0,0.010742730135210321,60.285714285714285
573,Uzbekistan,6315.0,19.0,4377.0,1919.0,2020-06-21,85,162.0,0.026328620185275486,176.42857142857142
574,Armenia,20588.0,360.0,9131.0,11097.0,2020-06-22,95,320.0,0.01578843497138349,503.42857142857144
575,Azerbaijan,13207.0,161.0,7168.0,5878.0,2020-06-22,88,478.0,0.037552046507973946,411.85714285714283
576,Georgia,908.0,14.0,761.0,133.0,2020-06-22,84,2.0,0.002207505518763808,4.142857142857143
577,Kazakhstan,18231.0,127.0,11158.0,6946.0,2020-06-22,88,499.0,0.028141213625084482,434.14285714285717
578,Kyrgyzstan,3356.0,40.0,2021.0,1295.0,2020-06-22,83,0.0,0.0,126.28571428571429
579,Tajikistan,5513.0,52.0,4039.0,1422.0,2020-06-22,50,56.0,0.010262048744731578,59.42857142857143
580,Uzbekistan,6461.0,19.0,4450.0,1992.0,2020-06-22,86,146.0,0.023119556611242986,171.14285714285714
581,Armenia,21006.0,372.0,10144.0,10490.0,2020-06-23,96,418.0,0.020303089178161926,502.42857142857144
582,Azerbaijan,13715.0,167.0,7503.0,6045.0,2020-06-23,89,508.0,0.03846445067009929,436.14285714285717
583,Georgia,911.0,14.0,768.0,129.0,2020-06-23,85,3.0,0.0033039647577093323,4.571428571428571
584,Kazakhstan,18765.0,134.0,11514.0,7117.0,2020-06-23,89,534.0,0.02929076847128509,460.42857142857144
585,Kyrgyzstan,3726.0,42.0,2082.0,1602.0,2020-06-23,84,370.0,0.11025029797377828,166.28571428571428
586,Tajikistan,5567.0,52.0,4109.0,1406.0,2020-06-23,51,54.0,0.009795029929258181,58.142857142857146
587,Uzbekistan,6662.0,19.0,4560.0,2083.0,2020-06-23,87,201.0,0.03110973533508754,167.0
