,Country_Region,Confirmed,Deaths,Recovered,Active,Date,days_since_100,Confirmed_change,Confirmed_change_pct
0,Georgia,1.0,0.0,0.0,1.0,2020-02-26,-33,,
1,Georgia,1.0,0.0,0.0,1.0,2020-02-27,-32,0.0,0.0
2,Georgia,1.0,0.0,0.0,1.0,2020-02-28,-31,0.0,0.0
3,Georgia,1.0,0.0,0.0,1.0,2020-02-29,-30,0.0,0.0
4,Azerbaijan,3.0,0.0,0.0,3.0,2020-03-01,-25,,
5,Georgia,3.0,0.0,0.0,3.0,2020-03-01,-29,2.0,2.0
6,Armenia,1.0,0.0,0.0,1.0,2020-03-01,-18,,
7,Azerbaijan,3.0,0.0,0.0,3.0,2020-03-02,-24,0.0,0.0
8,Georgia,3.0,0.0,0.0,3.0,2020-03-02,-28,0.0,0.0
9,Armenia,1.0,0.0,0.0,1.0,2020-03-02,-17,0.0,0.0
10,Azerbaijan,3.0,0.0,0.0,3.0,2020-03-03,-23,0.0,0.0
11,Georgia,3.0,0.0,0.0,3.0,2020-03-03,-27,0.0,0.0
12,Armenia,1.0,0.0,0.0,1.0,2020-03-03,-16,0.0,0.0
13,Azerbaijan,3.0,0.0,0.0,3.0,2020-03-04,-22,0.0,0.0
14,Georgia,3.0,0.0,0.0,3.0,2020-03-04,-26,0.0,0.0
15,Armenia,1.0,0.0,0.0,1.0,2020-03-04,-15,0.0,0.0
16,Azerbaijan,6.0,0.0,0.0,6.0,2020-03-05,-21,3.0,1.0
17,Georgia,4.0,0.0,0.0,4.0,2020-03-05,-25,1.0,0.33333333333333326
18,Armenia,1.0,0.0,0.0,1.0,2020-03-05,-14,0.0,0.0
19,Azerbaijan,6.0,0.0,0.0,6.0,2020-03-06,-20,0.0,0.0
20,Georgia,4.0,0.0,0.0,4.0,2020-03-06,-24,0.0,0.0
21,Armenia,1.0,0.0,0.0,1.0,2020-03-06,-13,0.0,0.0
22,Azerbaijan,9.0,0.0,0.0,9.0,2020-03-07,-19,3.0,0.5
23,Georgia,4.0,0.0,0.0,4.0,2020-03-07,-23,0.0,0.0
24,Armenia,1.0,0.0,0.0,1.0,2020-03-07,-12,0.0,0.0
25,Georgia,13.0,0.0,0.0,13.0,2020-03-08,-22,9.0,2.25
26,Azerbaijan,9.0,0.0,0.0,9.0,2020-03-08,-18,0.0,0.0
27,Armenia,1.0,0.0,0.0,1.0,2020-03-08,-11,0.0,0.0
28,Georgia,15.0,0.0,0.0,15.0,2020-03-09,-21,2.0,0.15384615384615374
29,Azerbaijan,9.0,0.0,0.0,9.0,2020-03-09,-17,0.0,0.0
30,Armenia,1.0,0.0,0.0,1.0,2020-03-09,-10,0.0,0.0
31,Georgia,15.0,0.0,0.0,15.0,2020-03-10,-20,0.0,0.0
32,Azerbaijan,11.0,0.0,0.0,11.0,2020-03-10,-16,2.0,0.22222222222222232
33,Armenia,1.0,0.0,0.0,1.0,2020-03-10,-9,0.0,0.0
34,Georgia,24.0,0.0,0.0,24.0,2020-03-11,-19,9.0,0.6000000000000001
35,Azerbaijan,11.0,0.0,3.0,8.0,2020-03-11,-15,0.0,0.0
36,Armenia,1.0,0.0,0.0,1.0,2020-03-11,-8,0.0,0.0
37,Georgia,24.0,0.0,0.0,24.0,2020-03-12,-18,0.0,0.0
38,Azerbaijan,11.0,0.0,3.0,8.0,2020-03-12,-14,0.0,0.0
39,Armenia,4.0,0.0,0.0,4.0,2020-03-12,-7,3.0,3.0
40,Georgia,25.0,0.0,0.0,25.0,2020-03-13,-17,1.0,0.04166666666666674
41,Azerbaijan,15.0,1.0,3.0,11.0,2020-03-13,-13,4.0,0.36363636363636354
42,Armenia,8.0,0.0,0.0,8.0,2020-03-13,-6,4.0,1.0
43,Kazakhstan,4.0,0.0,0.0,4.0,2020-03-13,-13,,
44,Georgia,30.0,0.0,0.0,30.0,2020-03-14,-16,5.0,0.19999999999999996
45,Armenia,18.0,0.0,0.0,18.0,2020-03-14,-5,10.0,1.25
46,Azerbaijan,15.0,1.0,3.0,11.0,2020-03-14,-12,0.0,0.0
47,Kazakhstan,6.0,0.0,0.0,6.0,2020-03-14,-12,2.0,0.5
48,Georgia,33.0,0.0,0.0,33.0,2020-03-15,-15,3.0,0.10000000000000009
49,Armenia,26.0,0.0,0.0,26.0,2020-03-15,-4,8.0,0.4444444444444444
50,Azerbaijan,23.0,1.0,6.0,16.0,2020-03-15,-11,8.0,0.5333333333333334
51,Kazakhstan,9.0,0.0,0.0,9.0,2020-03-15,-11,3.0,0.5
52,Uzbekistan,1.0,0.0,0.0,1.0,2020-03-15,-13,,
53,Armenia,52.0,0.0,0.0,52.0,2020-03-16,-3,26.0,1.0
54,Georgia,33.0,0.0,1.0,32.0,2020-03-16,-14,0.0,0.0
55,Azerbaijan,15.0,1.0,6.0,8.0,2020-03-16,-10,-8.0,-0.34782608695652173
56,Kazakhstan,10.0,0.0,0.0,10.0,2020-03-16,-10,1.0,0.11111111111111116
57,Uzbekistan,6.0,0.0,0.0,6.0,2020-03-16,-12,5.0,5.0
58,Armenia,78.0,0.0,1.0,77.0,2020-03-17,-2,26.0,0.5
59,Georgia,34.0,0.0,1.0,33.0,2020-03-17,-13,1.0,0.030303030303030276
60,Kazakhstan,33.0,0.0,0.0,33.0,2020-03-17,-9,23.0,2.3
61,Azerbaijan,28.0,1.0,6.0,21.0,2020-03-17,-9,13.0,0.8666666666666667
62,Uzbekistan,10.0,0.0,0.0,10.0,2020-03-17,-11,4.0,0.6666666666666667
63,Armenia,84.0,0.0,1.0,83.0,2020-03-18,-1,6.0,0.07692307692307687
64,Georgia,38.0,0.0,1.0,37.0,2020-03-18,-12,4.0,0.11764705882352944
65,Kazakhstan,35.0,0.0,0.0,35.0,2020-03-18,-8,2.0,0.06060606060606055
66,Azerbaijan,28.0,1.0,6.0,21.0,2020-03-18,-8,0.0,0.0
67,Uzbekistan,15.0,0.0,0.0,15.0,2020-03-18,-10,5.0,0.5
68,Kyrgyzstan,3.0,0.0,0.0,3.0,2020-03-18,-13,,
69,Armenia,115.0,0.0,1.0,114.0,2020-03-19,0,31.0,0.36904761904761907
70,Azerbaijan,44.0,1.0,6.0,37.0,2020-03-19,-7,16.0,0.5714285714285714
71,Kazakhstan,44.0,0.0,0.0,44.0,2020-03-19,-7,9.0,0.2571428571428571
72,Georgia,40.0,0.0,1.0,39.0,2020-03-19,-11,2.0,0.05263157894736836
73,Uzbekistan,23.0,0.0,0.0,23.0,2020-03-19,-9,8.0,0.5333333333333334
74,Kyrgyzstan,3.0,0.0,0.0,3.0,2020-03-19,-12,0.0,0.0
75,Armenia,136.0,0.0,1.0,135.0,2020-03-20,1,21.0,0.18260869565217397
76,Kazakhstan,49.0,3.0,0.0,46.0,2020-03-20,-6,5.0,0.11363636363636354
77,Azerbaijan,44.0,1.0,6.0,37.0,2020-03-20,-6,0.0,0.0
78,Georgia,43.0,0.0,1.0,42.0,2020-03-20,-10,3.0,0.07499999999999996
79,Uzbekistan,33.0,0.0,0.0,33.0,2020-03-20,-8,10.0,0.4347826086956521
80,Kyrgyzstan,6.0,0.0,0.0,6.0,2020-03-20,-11,3.0,1.0
81,Armenia,160.0,0.0,1.0,159.0,2020-03-21,2,24.0,0.17647058823529416
82,Azerbaijan,53.0,1.0,11.0,41.0,2020-03-21,-5,9.0,0.20454545454545459
83,Kazakhstan,53.0,0.0,0.0,53.0,2020-03-21,-5,4.0,0.08163265306122458
84,Georgia,49.0,0.0,1.0,48.0,2020-03-21,-9,6.0,0.13953488372093026
85,Uzbekistan,43.0,0.0,0.0,43.0,2020-03-21,-7,10.0,0.303030303030303
86,Kyrgyzstan,14.0,0.0,0.0,14.0,2020-03-21,-10,8.0,1.3333333333333335
87,Armenia,194.0,0.0,2.0,192.0,2020-03-22,3,34.0,0.2124999999999999
88,Azerbaijan,65.0,1.0,11.0,53.0,2020-03-22,-4,12.0,0.2264150943396226
89,Kazakhstan,59.0,0.0,0.0,59.0,2020-03-22,-4,6.0,0.1132075471698113
90,Georgia,54.0,0.0,1.0,53.0,2020-03-22,-8,5.0,0.1020408163265305
91,Uzbekistan,43.0,0.0,0.0,43.0,2020-03-22,-6,0.0,0.0
92,Kyrgyzstan,14.0,0.0,0.0,14.0,2020-03-22,-9,0.0,0.0
93,Armenia,235.0,0.0,2.0,233.0,2020-03-23,4,41.0,0.21134020618556693
94,Azerbaijan,72.0,1.0,10.0,61.0,2020-03-23,-3,7.0,0.10769230769230775
95,Georgia,61.0,0.0,8.0,53.0,2020-03-23,-7,7.0,0.12962962962962954
96,Kazakhstan,62.0,0.0,0.0,62.0,2020-03-23,-3,3.0,0.05084745762711873
97,Kyrgyzstan,16.0,0.0,0.0,16.0,2020-03-23,-8,2.0,0.1428571428571428
98,Uzbekistan,46.0,0.0,0.0,46.0,2020-03-23,-5,3.0,0.06976744186046502
99,Armenia,249.0,0.0,14.0,235.0,2020-03-24,5,14.0,0.05957446808510647
100,Azerbaijan,87.0,1.0,10.0,76.0,2020-03-24,-2,15.0,0.20833333333333326
101,Georgia,70.0,0.0,9.0,61.0,2020-03-24,-6,9.0,0.14754098360655732
102,Kazakhstan,72.0,0.0,0.0,72.0,2020-03-24,-2,10.0,0.16129032258064524
103,Kyrgyzstan,42.0,0.0,0.0,42.0,2020-03-24,-7,26.0,1.625
104,Uzbekistan,50.0,0.0,0.0,50.0,2020-03-24,-4,4.0,0.08695652173913038
105,Armenia,265.0,0.0,16.0,249.0,2020-03-25,6,16.0,0.06425702811244971
106,Azerbaijan,93.0,2.0,10.0,81.0,2020-03-25,-1,6.0,0.06896551724137923
107,Georgia,75.0,0.0,10.0,65.0,2020-03-25,-5,5.0,0.0714285714285714
108,Kazakhstan,81.0,0.0,0.0,81.0,2020-03-25,-1,9.0,0.125
109,Kyrgyzstan,44.0,0.0,0.0,44.0,2020-03-25,-6,2.0,0.04761904761904767
110,Uzbekistan,60.0,0.0,0.0,60.0,2020-03-25,-3,10.0,0.19999999999999996
111,Armenia,290.0,1.0,18.0,271.0,2020-03-26,7,25.0,0.09433962264150941
112,Azerbaijan,122.0,3.0,15.0,104.0,2020-03-26,0,29.0,0.31182795698924726
113,Georgia,79.0,0.0,11.0,68.0,2020-03-26,-4,4.0,0.05333333333333323
114,Kazakhstan,111.0,1.0,2.0,108.0,2020-03-26,0,30.0,0.37037037037037046
115,Kyrgyzstan,44.0,0.0,0.0,44.0,2020-03-26,-5,0.0,0.0
116,Uzbekistan,75.0,0.0,0.0,75.0,2020-03-26,-2,15.0,0.25
117,Armenia,329.0,1.0,28.0,300.0,2020-03-27,8,39.0,0.1344827586206896
118,Azerbaijan,165.0,3.0,15.0,147.0,2020-03-27,1,43.0,0.3524590163934427
119,Georgia,83.0,0.0,14.0,69.0,2020-03-27,-3,4.0,0.05063291139240511
120,Kazakhstan,150.0,1.0,3.0,146.0,2020-03-27,1,39.0,0.3513513513513513
121,Kyrgyzstan,58.0,0.0,0.0,58.0,2020-03-27,-4,14.0,0.3181818181818181
122,Uzbekistan,88.0,1.0,5.0,82.0,2020-03-27,-1,13.0,0.17333333333333334
123,Armenia,407.0,1.0,30.0,376.0,2020-03-28,9,78.0,0.237082066869301
124,Azerbaijan,182.0,4.0,15.0,163.0,2020-03-28,2,17.0,0.10303030303030303
125,Georgia,90.0,0.0,14.0,76.0,2020-03-28,-2,7.0,0.0843373493975903
126,Kazakhstan,228.0,1.0,16.0,211.0,2020-03-28,2,78.0,0.52
127,Kyrgyzstan,58.0,0.0,0.0,58.0,2020-03-28,-3,0.0,0.0
128,Uzbekistan,104.0,2.0,5.0,97.0,2020-03-28,0,16.0,0.18181818181818188
129,Armenia,424.0,3.0,30.0,391.0,2020-03-29,10,17.0,0.041769041769041726
130,Azerbaijan,209.0,4.0,15.0,190.0,2020-03-29,3,27.0,0.14835164835164827
131,Georgia,91.0,0.0,18.0,73.0,2020-03-29,-1,1.0,0.011111111111111072
132,Kazakhstan,284.0,1.0,20.0,263.0,2020-03-29,3,56.0,0.2456140350877194
133,Kyrgyzstan,84.0,0.0,0.0,84.0,2020-03-29,-2,26.0,0.4482758620689655
134,Uzbekistan,144.0,2.0,7.0,135.0,2020-03-29,1,40.0,0.3846153846153846
135,Armenia,482.0,3.0,30.0,449.0,2020-03-30,11,58.0,0.1367924528301887
136,Azerbaijan,273.0,4.0,26.0,243.0,2020-03-30,4,64.0,0.30622009569377995
137,Georgia,103.0,0.0,20.0,83.0,2020-03-30,0,12.0,0.13186813186813184
138,Kazakhstan,302.0,1.0,21.0,280.0,2020-03-30,4,18.0,0.06338028169014076
139,Kyrgyzstan,94.0,0.0,3.0,91.0,2020-03-30,-1,10.0,0.11904761904761907
140,Uzbekistan,149.0,2.0,7.0,140.0,2020-03-30,2,5.0,0.03472222222222232
141,Armenia,532.0,3.0,30.0,499.0,2020-03-31,12,50.0,0.10373443983402497
142,Azerbaijan,298.0,5.0,26.0,267.0,2020-03-31,5,25.0,0.09157509157509147
143,Georgia,110.0,0.0,21.0,89.0,2020-03-31,1,7.0,0.06796116504854366
144,Kazakhstan,343.0,2.0,24.0,317.0,2020-03-31,5,41.0,0.13576158940397343
145,Kyrgyzstan,107.0,0.0,3.0,104.0,2020-03-31,0,13.0,0.13829787234042556
146,Uzbekistan,172.0,2.0,7.0,163.0,2020-03-31,3,23.0,0.15436241610738266
147,Armenia,571.0,4.0,31.0,536.0,2020-04-01,13,39.0,0.07330827067669166
148,Azerbaijan,359.0,5.0,26.0,328.0,2020-04-01,6,61.0,0.2046979865771812
149,Georgia,117.0,0.0,23.0,94.0,2020-04-01,2,7.0,0.06363636363636371
150,Kazakhstan,380.0,3.0,26.0,351.0,2020-04-01,6,37.0,0.10787172011661816
151,Kyrgyzstan,111.0,0.0,3.0,108.0,2020-04-01,1,4.0,0.03738317757009346
152,Uzbekistan,181.0,2.0,12.0,167.0,2020-04-01,4,9.0,0.05232558139534893
153,Armenia,663.0,7.0,33.0,623.0,2020-04-02,14,92.0,0.16112084063047294
154,Azerbaijan,400.0,5.0,26.0,369.0,2020-04-02,7,41.0,0.11420612813370479
155,Georgia,134.0,0.0,26.0,108.0,2020-04-02,3,17.0,0.14529914529914523
156,Kazakhstan,435.0,3.0,27.0,405.0,2020-04-02,7,55.0,0.14473684210526305
157,Kyrgyzstan,116.0,0.0,5.0,111.0,2020-04-02,2,5.0,0.04504504504504503
158,Uzbekistan,205.0,2.0,25.0,178.0,2020-04-02,5,24.0,0.13259668508287303
159,Armenia,736.0,7.0,43.0,686.0,2020-04-03,15,73.0,0.11010558069381604
160,Azerbaijan,443.0,5.0,32.0,406.0,2020-04-03,8,43.0,0.10749999999999993
161,Georgia,155.0,0.0,28.0,127.0,2020-04-03,4,21.0,0.15671641791044766
162,Kazakhstan,464.0,6.0,29.0,429.0,2020-04-03,8,29.0,0.06666666666666665
163,Kyrgyzstan,130.0,1.0,6.0,123.0,2020-04-03,3,14.0,0.1206896551724137
164,Uzbekistan,227.0,2.0,25.0,200.0,2020-04-03,6,22.0,0.1073170731707318
165,Armenia,770.0,7.0,43.0,720.0,2020-04-04,16,34.0,0.04619565217391308
166,Azerbaijan,521.0,5.0,32.0,484.0,2020-04-04,9,78.0,0.17607223476297973
167,Georgia,162.0,1.0,36.0,125.0,2020-04-04,5,7.0,0.04516129032258065
168,Kazakhstan,531.0,5.0,36.0,490.0,2020-04-04,9,67.0,0.1443965517241379
169,Kyrgyzstan,144.0,1.0,9.0,134.0,2020-04-04,4,14.0,0.10769230769230775
170,Uzbekistan,266.0,2.0,25.0,239.0,2020-04-04,7,39.0,0.17180616740088106
171,Armenia,822.0,7.0,57.0,758.0,2020-04-05,17,52.0,0.06753246753246755
172,Azerbaijan,584.0,7.0,32.0,545.0,2020-04-05,10,63.0,0.12092130518234168
173,Georgia,174.0,2.0,36.0,136.0,2020-04-05,6,12.0,0.07407407407407418
174,Kazakhstan,584.0,6.0,42.0,536.0,2020-04-05,10,53.0,0.09981167608286245
175,Kyrgyzstan,147.0,1.0,9.0,137.0,2020-04-05,5,3.0,0.02083333333333326
176,Uzbekistan,342.0,2.0,30.0,310.0,2020-04-05,8,76.0,0.2857142857142858
177,Armenia,833.0,8.0,62.0,763.0,2020-04-06,18,11.0,0.01338199513381988
178,Azerbaijan,641.0,7.0,44.0,590.0,2020-04-06,11,57.0,0.09760273972602729
179,Georgia,188.0,2.0,39.0,147.0,2020-04-06,7,14.0,0.08045977011494254
180,Kazakhstan,662.0,6.0,46.0,610.0,2020-04-06,11,78.0,0.13356164383561642
181,Kyrgyzstan,216.0,4.0,33.0,179.0,2020-04-06,6,69.0,0.4693877551020409
182,Uzbekistan,457.0,2.0,30.0,425.0,2020-04-06,9,115.0,0.3362573099415205
183,Armenia,853.0,8.0,87.0,758.0,2020-04-07,19,20.0,0.02400960384153672
184,Azerbaijan,717.0,8.0,44.0,665.0,2020-04-07,12,76.0,0.11856474258970362
185,Georgia,196.0,3.0,46.0,147.0,2020-04-07,8,8.0,0.042553191489361764
186,Kazakhstan,697.0,6.0,51.0,640.0,2020-04-07,12,35.0,0.052870090634441036
187,Kyrgyzstan,228.0,4.0,33.0,191.0,2020-04-07,7,12.0,0.05555555555555558
188,Uzbekistan,520.0,2.0,30.0,488.0,2020-04-07,10,63.0,0.1378555798687089
189,Armenia,881.0,9.0,114.0,758.0,2020-04-08,20,28.0,0.03282532239155911
190,Azerbaijan,822.0,8.0,63.0,751.0,2020-04-08,13,105.0,0.14644351464435146
191,Georgia,211.0,3.0,50.0,158.0,2020-04-08,9,15.0,0.07653061224489788
192,Kazakhstan,727.0,7.0,54.0,666.0,2020-04-08,13,30.0,0.043041606886657036
193,Kyrgyzstan,270.0,4.0,33.0,233.0,2020-04-08,8,42.0,0.18421052631578938
194,Uzbekistan,545.0,3.0,30.0,512.0,2020-04-08,11,25.0,0.04807692307692313
195,Armenia,921.0,10.0,138.0,773.0,2020-04-09,21,40.0,0.04540295119182747
196,Azerbaijan,926.0,9.0,101.0,816.0,2020-04-09,14,104.0,0.12652068126520688
197,Georgia,218.0,3.0,51.0,164.0,2020-04-09,10,7.0,0.033175355450236976
198,Kazakhstan,781.0,8.0,60.0,713.0,2020-04-09,14,54.0,0.07427785419532329
199,Kyrgyzstan,280.0,4.0,35.0,241.0,2020-04-09,9,10.0,0.03703703703703698
200,Uzbekistan,582.0,3.0,38.0,541.0,2020-04-09,12,37.0,0.06788990825688068
201,Armenia,937.0,12.0,149.0,776.0,2020-04-10,22,16.0,0.017372421281216077
202,Azerbaijan,991.0,10.0,159.0,822.0,2020-04-10,15,65.0,0.07019438444924408
203,Georgia,234.0,3.0,54.0,177.0,2020-04-10,11,16.0,0.07339449541284404
204,Kazakhstan,812.0,10.0,64.0,738.0,2020-04-10,15,31.0,0.03969270166453276
205,Kyrgyzstan,298.0,5.0,35.0,258.0,2020-04-10,10,18.0,0.06428571428571428
206,Uzbekistan,624.0,3.0,42.0,579.0,2020-04-10,13,42.0,0.07216494845360821
207,Armenia,967.0,13.0,173.0,781.0,2020-04-11,23,30.0,0.03201707577374591
208,Azerbaijan,1058.0,11.0,200.0,847.0,2020-04-11,16,67.0,0.06760847628657918
209,Georgia,242.0,3.0,60.0,179.0,2020-04-11,12,8.0,0.03418803418803429
210,Kazakhstan,865.0,10.0,81.0,774.0,2020-04-11,16,53.0,0.06527093596059119
211,Kyrgyzstan,339.0,5.0,44.0,290.0,2020-04-11,11,41.0,0.13758389261744974
212,Uzbekistan,767.0,4.0,42.0,721.0,2020-04-11,14,143.0,0.22916666666666674
213,Armenia,1013.0,13.0,197.0,803.0,2020-04-12,24,46.0,0.04756980351602902
214,Azerbaijan,1098.0,11.0,250.0,837.0,2020-04-12,17,40.0,0.037807183364839236
215,Georgia,257.0,3.0,67.0,187.0,2020-04-12,13,15.0,0.06198347107438007
216,Kazakhstan,951.0,10.0,99.0,842.0,2020-04-12,17,86.0,0.09942196531791914
217,Kyrgyzstan,377.0,5.0,54.0,318.0,2020-04-12,12,38.0,0.11209439528023601
218,Uzbekistan,865.0,4.0,66.0,795.0,2020-04-12,15,98.0,0.1277705345501956
219,Armenia,1039.0,14.0,211.0,814.0,2020-04-13,25,26.0,0.02566633761105619
220,Azerbaijan,1148.0,12.0,289.0,847.0,2020-04-13,18,50.0,0.04553734061930781
221,Georgia,272.0,3.0,68.0,201.0,2020-04-13,14,15.0,0.05836575875486383
222,Kazakhstan,1091.0,12.0,138.0,941.0,2020-04-13,18,140.0,0.1472134595162986
223,Kyrgyzstan,419.0,5.0,67.0,347.0,2020-04-13,13,42.0,0.1114058355437666
224,Uzbekistan,998.0,4.0,85.0,909.0,2020-04-13,16,133.0,0.153757225433526
225,Armenia,1067.0,16.0,265.0,786.0,2020-04-14,26,28.0,0.026948989412896918
226,Azerbaijan,1197.0,13.0,351.0,833.0,2020-04-14,19,49.0,0.04268292682926833
227,Georgia,300.0,3.0,69.0,228.0,2020-04-14,15,28.0,0.10294117647058831
228,Kazakhstan,1232.0,14.0,203.0,1015.0,2020-04-14,19,141.0,0.12923923006416138
229,Kyrgyzstan,430.0,5.0,71.0,354.0,2020-04-14,14,11.0,0.026252983293556076
230,Uzbekistan,1165.0,4.0,99.0,1062.0,2020-04-14,17,167.0,0.16733466933867724
231,Armenia,1111.0,17.0,297.0,797.0,2020-04-15,27,44.0,0.04123711340206193
232,Azerbaijan,1253.0,13.0,404.0,836.0,2020-04-15,20,56.0,0.04678362573099415
233,Georgia,306.0,3.0,71.0,232.0,2020-04-15,16,6.0,0.020000000000000018
234,Kazakhstan,1295.0,16.0,240.0,1039.0,2020-04-15,20,63.0,0.051136363636363535
235,Kyrgyzstan,449.0,5.0,78.0,366.0,2020-04-15,15,19.0,0.04418604651162794
236,Uzbekistan,1302.0,4.0,107.0,1191.0,2020-04-15,18,137.0,0.11759656652360517
237,Armenia,1159.0,18.0,358.0,783.0,2020-04-16,28,48.0,0.04320432043204314
238,Azerbaijan,1283.0,15.0,460.0,808.0,2020-04-16,21,30.0,0.023942537909018347
239,Georgia,348.0,3.0,76.0,269.0,2020-04-16,17,42.0,0.13725490196078427
240,Kazakhstan,1402.0,17.0,277.0,1108.0,2020-04-16,21,107.0,0.08262548262548264
241,Kyrgyzstan,466.0,5.0,91.0,370.0,2020-04-16,16,17.0,0.03786191536748329
242,Uzbekistan,1349.0,4.0,129.0,1216.0,2020-04-16,19,47.0,0.036098310291858615
243,Armenia,1201.0,19.0,402.0,780.0,2020-04-17,29,42.0,0.036238136324417525
244,Azerbaijan,1340.0,15.0,528.0,797.0,2020-04-17,22,57.0,0.044427123928292955
245,Georgia,370.0,3.0,79.0,288.0,2020-04-17,18,22.0,0.06321839080459779
246,Kazakhstan,1546.0,17.0,347.0,1182.0,2020-04-17,22,144.0,0.10271041369472189
247,Kyrgyzstan,489.0,5.0,114.0,370.0,2020-04-17,17,23.0,0.04935622317596566
248,Uzbekistan,1405.0,4.0,156.0,1245.0,2020-04-17,20,56.0,0.04151223128243142
249,Armenia,1248.0,20.0,523.0,705.0,2020-04-18,30,47.0,0.039134054954204744
250,Azerbaijan,1373.0,18.0,590.0,765.0,2020-04-18,23,33.0,0.02462686567164174
251,Georgia,388.0,4.0,86.0,298.0,2020-04-18,19,18.0,0.048648648648648596
252,Kazakhstan,1615.0,17.0,377.0,1221.0,2020-04-18,23,69.0,0.04463130659767134
253,Kyrgyzstan,506.0,5.0,130.0,371.0,2020-04-18,18,17.0,0.03476482617586907
254,Uzbekistan,1490.0,5.0,194.0,1291.0,2020-04-18,21,85.0,0.06049822064056931
255,Armenia,1291.0,20.0,545.0,726.0,2020-04-19,31,43.0,0.034455128205128194
256,Azerbaijan,1398.0,19.0,712.0,667.0,2020-04-19,24,25.0,0.018208302986161717
257,Georgia,394.0,4.0,93.0,297.0,2020-04-19,20,6.0,0.015463917525773141
258,Kazakhstan,1676.0,17.0,400.0,1259.0,2020-04-19,24,61.0,0.037770897832817285
259,Kyrgyzstan,554.0,5.0,133.0,416.0,2020-04-19,19,48.0,0.09486166007905128
260,Uzbekistan,1565.0,5.0,225.0,1335.0,2020-04-19,22,75.0,0.05033557046979875
261,Armenia,1339.0,22.0,580.0,737.0,2020-04-20,32,48.0,0.03718048024786991
262,Azerbaijan,1436.0,19.0,791.0,626.0,2020-04-20,25,38.0,0.027181688125894166
263,Georgia,402.0,4.0,95.0,303.0,2020-04-20,21,8.0,0.020304568527918843
264,Kazakhstan,1852.0,19.0,447.0,1386.0,2020-04-20,25,176.0,0.1050119331742243
265,Kyrgyzstan,568.0,7.0,201.0,360.0,2020-04-20,20,14.0,0.025270758122743597
266,Uzbekistan,1627.0,5.0,261.0,1361.0,2020-04-20,23,62.0,0.03961661341853029
267,Armenia,1401.0,24.0,609.0,768.0,2020-04-21,33,62.0,0.04630321135175497
268,Azerbaijan,1480.0,20.0,865.0,595.0,2020-04-21,26,44.0,0.03064066852367686
269,Georgia,408.0,4.0,97.0,307.0,2020-04-21,22,6.0,0.014925373134328401
270,Kazakhstan,1995.0,19.0,489.0,1487.0,2020-04-21,26,143.0,0.07721382289416856
271,Kyrgyzstan,590.0,7.0,216.0,367.0,2020-04-21,21,22.0,0.03873239436619724
272,Uzbekistan,1678.0,6.0,357.0,1315.0,2020-04-21,24,51.0,0.031346035648432746
273,Armenia,1473.0,24.0,633.0,816.0,2020-04-22,34,72.0,0.051391862955032064
274,Azerbaijan,1518.0,20.0,907.0,591.0,2020-04-22,27,38.0,0.025675675675675746
275,Georgia,416.0,5.0,107.0,304.0,2020-04-22,23,8.0,0.019607843137254832
276,Kazakhstan,2135.0,19.0,515.0,1601.0,2020-04-22,27,140.0,0.07017543859649122
277,Kyrgyzstan,612.0,7.0,254.0,351.0,2020-04-22,22,22.0,0.03728813559322042
278,Uzbekistan,1716.0,7.0,450.0,1259.0,2020-04-22,25,38.0,0.022646007151370773
279,Armenia,1523.0,24.0,659.0,840.0,2020-04-23,35,50.0,0.0339443312966734
280,Azerbaijan,1548.0,20.0,948.0,580.0,2020-04-23,28,30.0,0.01976284584980248
281,Georgia,425.0,5.0,111.0,309.0,2020-04-23,24,9.0,0.02163461538461542
282,Kazakhstan,2289.0,20.0,560.0,1709.0,2020-04-23,28,154.0,0.0721311475409836
283,Kyrgyzstan,631.0,8.0,302.0,321.0,2020-04-23,23,19.0,0.031045751633986818
284,Uzbekistan,1758.0,7.0,561.0,1190.0,2020-04-23,26,42.0,0.02447552447552437
285,Armenia,1596.0,27.0,728.0,841.0,2020-04-24,36,73.0,0.04793171372291538
286,Azerbaijan,1592.0,21.0,1013.0,558.0,2020-04-24,29,44.0,0.028423772609819098
287,Georgia,444.0,5.0,132.0,307.0,2020-04-24,25,19.0,0.04470588235294115
288,Kazakhstan,2482.0,25.0,604.0,1853.0,2020-04-24,29,193.0,0.08431629532546969
289,Kyrgyzstan,665.0,8.0,345.0,312.0,2020-04-24,24,34.0,0.0538827258320127
290,Uzbekistan,1804.0,8.0,621.0,1175.0,2020-04-24,27,46.0,0.026166097838452806
291,Armenia,1677.0,28.0,803.0,846.0,2020-04-25,37,81.0,0.050751879699248104
292,Azerbaijan,1617.0,21.0,1080.0,516.0,2020-04-25,30,25.0,0.01570351758793964
293,Georgia,456.0,5.0,139.0,312.0,2020-04-25,26,12.0,0.027027027027026973
294,Kazakhstan,2601.0,25.0,646.0,1930.0,2020-04-25,30,119.0,0.047945205479452024
295,Kyrgyzstan,665.0,8.0,345.0,312.0,2020-04-25,25,0.0,0.0
296,Uzbekistan,1862.0,8.0,707.0,1147.0,2020-04-25,28,58.0,0.03215077605321515
297,Armenia,1746.0,28.0,833.0,885.0,2020-04-26,38,69.0,0.041144901610017826
298,Azerbaijan,1645.0,21.0,1139.0,485.0,2020-04-26,31,28.0,0.017316017316017396
299,Georgia,486.0,6.0,149.0,331.0,2020-04-26,27,30.0,0.06578947368421062
300,Kazakhstan,2717.0,25.0,682.0,2010.0,2020-04-26,31,116.0,0.044598231449442416
301,Kyrgyzstan,682.0,8.0,370.0,304.0,2020-04-26,26,17.0,0.02556390977443601
302,Uzbekistan,1869.0,8.0,789.0,1072.0,2020-04-26,29,7.0,0.003759398496240518
303,Armenia,1808.0,29.0,848.0,931.0,2020-04-27,39,62.0,0.03550973654066447
304,Azerbaijan,1678.0,22.0,1162.0,494.0,2020-04-27,32,33.0,0.02006079027355634
305,Georgia,497.0,6.0,156.0,335.0,2020-04-27,28,11.0,0.02263374485596703
306,Kazakhstan,2835.0,25.0,720.0,2090.0,2020-04-27,32,118.0,0.04343025395656985
307,Kyrgyzstan,695.0,8.0,395.0,292.0,2020-04-27,27,13.0,0.019061583577712593
308,Uzbekistan,1904.0,8.0,892.0,1004.0,2020-04-27,30,35.0,0.01872659176029967
309,Armenia,1867.0,30.0,866.0,971.0,2020-04-28,40,59.0,0.03263274336283195
310,Azerbaijan,1717.0,22.0,1221.0,474.0,2020-04-28,33,39.0,0.023241954707985624
311,Georgia,511.0,6.0,168.0,337.0,2020-04-28,29,14.0,0.028169014084507005
312,Kazakhstan,3027.0,25.0,774.0,2228.0,2020-04-28,33,192.0,0.06772486772486763
313,Kyrgyzstan,708.0,8.0,416.0,284.0,2020-04-28,28,13.0,0.018705035971223083
314,Uzbekistan,1939.0,8.0,992.0,939.0,2020-04-28,31,35.0,0.018382352941176405
315,Armenia,1932.0,30.0,900.0,1002.0,2020-04-29,41,65.0,0.034815211569362514
316,Azerbaijan,1766.0,23.0,1267.0,476.0,2020-04-29,34,49.0,0.02853814793244025
317,Georgia,517.0,6.0,178.0,333.0,2020-04-29,30,6.0,0.011741682974559797
318,Kazakhstan,3138.0,25.0,819.0,2294.0,2020-04-29,34,111.0,0.03666997026759167
319,Kyrgyzstan,729.0,8.0,437.0,284.0,2020-04-29,29,21.0,0.029661016949152463
320,Uzbekistan,2002.0,9.0,1096.0,897.0,2020-04-29,32,63.0,0.032490974729241895
321,Armenia,2066.0,32.0,929.0,1105.0,2020-04-30,42,134.0,0.06935817805383016
322,Azerbaijan,1804.0,24.0,1325.0,455.0,2020-04-30,35,38.0,0.021517553793884536
323,Georgia,539.0,6.0,184.0,349.0,2020-04-30,31,22.0,0.042553191489361764
324,Kazakhstan,3402.0,25.0,866.0,2511.0,2020-04-30,35,264.0,0.08413001912045881
325,Kyrgyzstan,746.0,8.0,462.0,276.0,2020-04-30,30,17.0,0.023319615912208436
326,Tajikistan,15.0,0.0,0.0,15.0,2020-04-30,-3,,
327,Uzbekistan,2039.0,9.0,1133.0,897.0,2020-04-30,33,37.0,0.018481518481518577
328,Armenia,2148.0,33.0,977.0,1138.0,2020-05-01,43,82.0,0.039690222652468465
329,Azerbaijan,1854.0,25.0,1365.0,464.0,2020-05-01,36,50.0,0.027716186252771724
330,Georgia,566.0,7.0,207.0,352.0,2020-05-01,32,27.0,0.05009276437847876
331,Kazakhstan,3597.0,25.0,922.0,2650.0,2020-05-01,36,195.0,0.05731922398589062
332,Kyrgyzstan,756.0,8.0,504.0,244.0,2020-05-01,31,10.0,0.013404825737265424
333,Tajikistan,15.0,0.0,0.0,15.0,2020-05-01,-2,0.0,0.0
334,Uzbekistan,2086.0,9.0,1212.0,865.0,2020-05-01,34,47.0,0.023050514958312895
335,Armenia,2273.0,33.0,1010.0,1230.0,2020-05-02,44,125.0,0.058193668528863984
336,Azerbaijan,1894.0,25.0,1411.0,458.0,2020-05-02,37,40.0,0.02157497303128375
337,Georgia,582.0,8.0,207.0,367.0,2020-05-02,33,16.0,0.028268551236749095
338,Kazakhstan,3857.0,25.0,985.0,2847.0,2020-05-02,37,260.0,0.07228245760355856
339,Kyrgyzstan,769.0,8.0,527.0,234.0,2020-05-02,32,13.0,0.01719576719576721
340,Tajikistan,76.0,2.0,0.0,74.0,2020-05-02,-1,61.0,4.066666666666666
341,Uzbekistan,2118.0,9.0,1271.0,838.0,2020-05-02,35,32.0,0.015340364333652934
342,Armenia,2386.0,35.0,1035.0,1316.0,2020-05-03,45,113.0,0.04971403431588217
343,Azerbaijan,1932.0,25.0,1441.0,466.0,2020-05-03,38,38.0,0.020063357972544882
344,Georgia,589.0,9.0,223.0,357.0,2020-05-03,34,7.0,0.012027491408934665
345,Kazakhstan,3920.0,27.0,1084.0,2809.0,2020-05-03,38,63.0,0.016333938294010864
346,Kyrgyzstan,795.0,10.0,564.0,221.0,2020-05-03,33,26.0,0.033810143042912966
347,Tajikistan,128.0,2.0,0.0,126.0,2020-05-03,0,52.0,0.6842105263157894
348,Uzbekistan,2149.0,10.0,1319.0,820.0,2020-05-03,36,31.0,0.014636449480642133
349,Armenia,2507.0,39.0,1071.0,1397.0,2020-05-04,46,121.0,0.050712489522212856
350,Azerbaijan,1984.0,26.0,1480.0,478.0,2020-05-04,39,52.0,0.0269151138716357
351,Georgia,593.0,9.0,223.0,361.0,2020-05-04,35,4.0,0.00679117147707986
352,Kazakhstan,4049.0,29.0,1173.0,2847.0,2020-05-04,39,129.0,0.0329081632653061
353,Kyrgyzstan,830.0,10.0,575.0,245.0,2020-05-04,34,35.0,0.04402515723270439
354,Tajikistan,230.0,3.0,0.0,227.0,2020-05-04,1,102.0,0.796875
355,Uzbekistan,2189.0,10.0,1405.0,774.0,2020-05-04,37,40.0,0.018613308515588622
356,Armenia,2619.0,40.0,1111.0,1468.0,2020-05-05,47,112.0,0.04467491025129644
357,Azerbaijan,2060.0,26.0,1508.0,526.0,2020-05-05,40,76.0,0.03830645161290325
358,Georgia,604.0,9.0,240.0,355.0,2020-05-05,36,11.0,0.018549747048903775
359,Kazakhstan,4205.0,29.0,1279.0,2897.0,2020-05-05,40,156.0,0.038528031612743874
360,Kyrgyzstan,843.0,11.0,600.0,232.0,2020-05-05,35,13.0,0.015662650602409567
361,Tajikistan,293.0,5.0,0.0,288.0,2020-05-05,2,63.0,0.27391304347826084
362,Uzbekistan,2207.0,10.0,1501.0,696.0,2020-05-05,38,18.0,0.008222932846048359
363,Armenia,2782.0,40.0,1135.0,1607.0,2020-05-06,48,163.0,0.062237495227186024
364,Azerbaijan,2127.0,28.0,1536.0,563.0,2020-05-06,41,67.0,0.03252427184466011
365,Georgia,610.0,9.0,269.0,332.0,2020-05-06,37,6.0,0.009933774834437026
366,Kazakhstan,4422.0,30.0,1408.0,2984.0,2020-05-06,41,217.0,0.051605231866825196
367,Kyrgyzstan,871.0,12.0,614.0,245.0,2020-05-06,36,28.0,0.033214709371292894
368,Tajikistan,379.0,8.0,0.0,371.0,2020-05-06,3,86.0,0.29351535836177467
369,Uzbekistan,2233.0,10.0,1577.0,646.0,2020-05-06,39,26.0,0.011780697779791627
370,Armenia,2884.0,42.0,1185.0,1657.0,2020-05-07,49,102.0,0.03666427030913022
371,Azerbaijan,2204.0,28.0,1551.0,625.0,2020-05-07,42,77.0,0.036201222378937414
372,Georgia,615.0,9.0,275.0,331.0,2020-05-07,38,5.0,0.008196721311475308
373,Kazakhstan,4578.0,30.0,1518.0,3030.0,2020-05-07,42,156.0,0.03527815468113982
374,Kyrgyzstan,895.0,12.0,637.0,246.0,2020-05-07,37,24.0,0.027554535017221493
375,Tajikistan,461.0,12.0,0.0,449.0,2020-05-07,4,82.0,0.21635883905013187
376,Uzbekistan,2298.0,10.0,1656.0,632.0,2020-05-07,40,65.0,0.029108822212270402
377,Armenia,3029.0,43.0,1218.0,1768.0,2020-05-08,50,145.0,0.05027739251040231
378,Azerbaijan,2279.0,28.0,1576.0,675.0,2020-05-08,43,75.0,0.03402903811252278
379,Georgia,623.0,10.0,288.0,325.0,2020-05-08,39,8.0,0.01300813008130075
380,Kazakhstan,4834.0,31.0,1631.0,3172.0,2020-05-08,43,256.0,0.05591961555264313
381,Kyrgyzstan,906.0,12.0,650.0,244.0,2020-05-08,38,11.0,0.012290502793296021
382,Tajikistan,522.0,12.0,0.0,510.0,2020-05-08,5,61.0,0.13232104121475063
383,Uzbekistan,2325.0,10.0,1775.0,540.0,2020-05-08,41,27.0,0.011749347258485532
384,Armenia,3175.0,44.0,1267.0,1864.0,2020-05-09,51,146.0,0.04820072631231431
385,Azerbaijan,2422.0,31.0,1620.0,771.0,2020-05-09,44,143.0,0.06274681878016675
386,Georgia,626.0,10.0,297.0,319.0,2020-05-09,40,3.0,0.0048154093097914075
387,Kazakhstan,4975.0,31.0,1776.0,3168.0,2020-05-09,44,141.0,0.029168390566818303
388,Kyrgyzstan,931.0,12.0,658.0,261.0,2020-05-09,39,25.0,0.02759381898454749
389,Tajikistan,612.0,20.0,0.0,592.0,2020-05-09,6,90.0,0.17241379310344818
390,Uzbekistan,2349.0,10.0,1846.0,493.0,2020-05-09,42,24.0,0.010322580645161228
391,Armenia,3313.0,45.0,1325.0,1943.0,2020-05-10,52,138.0,0.04346456692913381
392,Azerbaijan,2519.0,32.0,1650.0,837.0,2020-05-10,45,97.0,0.04004954582989262
393,Georgia,635.0,10.0,309.0,316.0,2020-05-10,41,9.0,0.01437699680511173
394,Kazakhstan,5090.0,31.0,1941.0,3118.0,2020-05-10,45,115.0,0.02311557788944718
395,Kyrgyzstan,1002.0,12.0,675.0,315.0,2020-05-10,40,71.0,0.07626208378088073
396,Tajikistan,612.0,20.0,0.0,592.0,2020-05-10,7,0.0,0.0
397,Uzbekistan,2418.0,10.0,1881.0,527.0,2020-05-10,43,69.0,0.02937420178799499
398,Armenia,3392.0,46.0,1359.0,1987.0,2020-05-11,53,79.0,0.023845457289465744
399,Azerbaijan,2589.0,32.0,1680.0,877.0,2020-05-11,46,70.0,0.027788805081381485
400,Georgia,638.0,11.0,317.0,310.0,2020-05-11,42,3.0,0.0047244094488188
401,Kazakhstan,5207.0,32.0,2074.0,3101.0,2020-05-11,46,117.0,0.02298624754420442
402,Kyrgyzstan,1016.0,12.0,688.0,316.0,2020-05-11,41,14.0,0.013972055888223478
403,Tajikistan,661.0,21.0,0.0,640.0,2020-05-11,8,49.0,0.08006535947712412
404,Uzbekistan,2486.0,10.0,1988.0,488.0,2020-05-11,44,68.0,0.028122415219189456
405,Armenia,3538.0,47.0,1430.0,2061.0,2020-05-12,54,146.0,0.043042452830188704
406,Azerbaijan,2693.0,33.0,1680.0,980.0,2020-05-12,47,104.0,0.04016994978756272
407,Georgia,642.0,11.0,349.0,282.0,2020-05-12,43,4.0,0.006269592476489061
408,Kazakhstan,5279.0,32.0,2223.0,3024.0,2020-05-12,47,72.0,0.013827539850201687
409,Kyrgyzstan,1037.0,12.0,709.0,316.0,2020-05-12,42,21.0,0.02066929133858264
410,Tajikistan,729.0,21.0,0.0,708.0,2020-05-12,9,68.0,0.10287443267776086
411,Uzbekistan,2519.0,10.0,2010.0,499.0,2020-05-12,45,33.0,0.01327433628318575
412,Armenia,3718.0,48.0,1500.0,2170.0,2020-05-13,55,180.0,0.05087620124364056
413,Azerbaijan,2758.0,35.0,1789.0,934.0,2020-05-13,48,65.0,0.024136650575566243
414,Georgia,647.0,11.0,372.0,264.0,2020-05-13,44,5.0,0.007788161993769416
415,Kazakhstan,5417.0,32.0,2408.0,2977.0,2020-05-13,48,138.0,0.026141314642924796
416,Kyrgyzstan,1044.0,12.0,726.0,306.0,2020-05-13,43,7.0,0.0067502410800386325
417,Tajikistan,801.0,23.0,0.0,778.0,2020-05-13,10,72.0,0.09876543209876543
418,Uzbekistan,2612.0,11.0,2076.0,525.0,2020-05-13,46,93.0,0.03691941246526409
419,Armenia,3860.0,49.0,1572.0,2239.0,2020-05-14,56,142.0,0.03819257665411513
420,Azerbaijan,2879.0,35.0,1833.0,1011.0,2020-05-14,49,121.0,0.043872371283538714
421,Georgia,667.0,12.0,383.0,272.0,2020-05-14,45,20.0,0.03091190108191655
422,Kazakhstan,5571.0,32.0,2531.0,3008.0,2020-05-14,49,154.0,0.02842901975263068
423,Kyrgyzstan,1082.0,12.0,735.0,335.0,2020-05-14,44,38.0,0.03639846743295028
424,Tajikistan,907.0,29.0,0.0,878.0,2020-05-14,11,106.0,0.13233458177278412
425,Uzbekistan,2645.0,11.0,2136.0,498.0,2020-05-14,47,33.0,0.012633996937212899
426,Armenia,4044.0,52.0,1666.0,2326.0,2020-05-15,57,184.0,0.04766839378238341
427,Azerbaijan,2980.0,36.0,1886.0,1058.0,2020-05-15,50,101.0,0.03508162556443217
428,Georgia,671.0,12.0,393.0,266.0,2020-05-15,46,4.0,0.0059970014992503096
429,Kazakhstan,5689.0,34.0,2707.0,2948.0,2020-05-15,50,118.0,0.02118111649614063
430,Kyrgyzstan,1111.0,14.0,745.0,352.0,2020-05-15,45,29.0,0.026802218114602594
431,Tajikistan,1118.0,33.0,0.0,1085.0,2020-05-15,12,211.0,0.2326350606394707
432,Uzbekistan,2686.0,11.0,2158.0,517.0,2020-05-15,48,41.0,0.015500945179584225
433,Armenia,4283.0,55.0,1791.0,2437.0,2020-05-16,58,239.0,0.05909990108803176
434,Azerbaijan,3138.0,36.0,1944.0,1158.0,2020-05-16,51,158.0,0.053020134228187965
435,Georgia,683.0,12.0,419.0,252.0,2020-05-16,47,12.0,0.017883755588673722
436,Kazakhstan,5850.0,34.0,2980.0,2836.0,2020-05-16,51,161.0,0.028300228511161984
437,Kyrgyzstan,1117.0,14.0,783.0,320.0,2020-05-16,46,6.0,0.005400540054005365
438,Tajikistan,1322.0,36.0,0.0,1286.0,2020-05-16,13,204.0,0.18246869409660116
439,Uzbekistan,2738.0,11.0,2213.0,514.0,2020-05-16,49,52.0,0.0193596425912137
440,Armenia,4472.0,60.0,1925.0,2487.0,2020-05-17,59,189.0,0.04412794770021011
441,Azerbaijan,3274.0,39.0,2015.0,1220.0,2020-05-17,52,136.0,0.0433397068196304
442,Georgia,695.0,12.0,425.0,258.0,2020-05-17,48,12.0,0.017569546120058455
443,Kazakhstan,6157.0,34.0,3256.0,2867.0,2020-05-17,52,307.0,0.05247863247863238
444,Kyrgyzstan,1138.0,14.0,804.0,320.0,2020-05-17,47,21.0,0.018800358102059045
445,Tajikistan,1524.0,39.0,0.0,1485.0,2020-05-17,14,202.0,0.15279878971255667
446,Uzbekistan,2753.0,12.0,2247.0,494.0,2020-05-17,50,15.0,0.00547845142439729
447,Armenia,4823.0,61.0,2019.0,2743.0,2020-05-18,60,351.0,0.07848837209302317
448,Azerbaijan,3387.0,40.0,2055.0,1292.0,2020-05-18,53,113.0,0.03451435552840554
449,Georgia,701.0,12.0,432.0,257.0,2020-05-18,49,6.0,0.008633093525179936
450,Kazakhstan,6751.0,35.0,3469.0,3247.0,2020-05-18,53,594.0,0.09647555627740778
451,Kyrgyzstan,1216.0,14.0,827.0,375.0,2020-05-18,48,78.0,0.06854130052724083
452,Tajikistan,1729.0,41.0,0.0,1688.0,2020-05-18,15,205.0,0.13451443569553811
453,Uzbekistan,2791.0,13.0,2314.0,464.0,2020-05-18,51,38.0,0.013803123864874589
454,Armenia,5041.0,64.0,2164.0,2813.0,2020-05-19,61,218.0,0.04520008293593203
455,Azerbaijan,3518.0,41.0,2198.0,1279.0,2020-05-19,54,131.0,0.038677295541777346
456,Georgia,707.0,12.0,456.0,239.0,2020-05-19,50,6.0,0.008559201141226769
457,Kazakhstan,6751.0,35.0,3598.0,3118.0,2020-05-19,54,0.0,0.0
458,Kyrgyzstan,1243.0,14.0,898.0,331.0,2020-05-19,49,27.0,0.022203947368421018
459,Tajikistan,1936.0,41.0,641.0,1254.0,2020-05-19,16,207.0,0.11972238288027759
460,Uzbekistan,2855.0,13.0,2338.0,504.0,2020-05-19,52,64.0,0.022930849158007804
461,Armenia,5271.0,67.0,2419.0,2785.0,2020-05-20,62,230.0,0.04562586788335654
462,Azerbaijan,3631.0,43.0,2253.0,1335.0,2020-05-20,55,113.0,0.03212052302444568
463,Georgia,713.0,12.0,475.0,226.0,2020-05-20,51,6.0,0.008486562942008558
464,Kazakhstan,6969.0,35.0,3734.0,3200.0,2020-05-20,55,218.0,0.03229151236853789
465,Kyrgyzstan,1270.0,14.0,910.0,346.0,2020-05-20,50,27.0,0.021721641190667773
466,Tajikistan,2140.0,41.0,470.0,1629.0,2020-05-20,17,204.0,0.10537190082644621
467,Uzbekistan,2939.0,13.0,2372.0,554.0,2020-05-20,53,84.0,0.02942206654991253
468,Armenia,5606.0,70.0,2581.0,2955.0,2020-05-21,63,335.0,0.06355530259912734
469,Azerbaijan,3749.0,44.0,2340.0,1365.0,2020-05-21,56,118.0,0.03249793445331872
470,Georgia,721.0,12.0,485.0,224.0,2020-05-21,52,8.0,0.011220196353436185
471,Kazakhstan,7234.0,35.0,3843.0,3356.0,2020-05-21,56,265.0,0.03802554168460315
472,Kyrgyzstan,1313.0,14.0,923.0,376.0,2020-05-21,51,43.0,0.03385826771653533
473,Tajikistan,2350.0,44.0,470.0,1836.0,2020-05-21,18,210.0,0.0981308411214954
474,Uzbekistan,2964.0,13.0,2407.0,544.0,2020-05-21,54,25.0,0.008506294658046976
475,Armenia,5928.0,74.0,2874.0,2980.0,2020-05-22,64,322.0,0.057438458794149216
476,Azerbaijan,3855.0,46.0,2399.0,1410.0,2020-05-22,57,106.0,0.02827420645505474
477,Georgia,723.0,12.0,495.0,216.0,2020-05-22,53,2.0,0.00277392510402219
478,Kazakhstan,7919.0,35.0,4096.0,3788.0,2020-05-22,57,685.0,0.09469173348078508
479,Kyrgyzstan,1350.0,14.0,939.0,397.0,2020-05-22,52,37.0,0.028179741051028273
480,Tajikistan,2551.0,44.0,1089.0,1418.0,2020-05-22,19,201.0,0.08553191489361711
481,Uzbekistan,3028.0,13.0,2492.0,523.0,2020-05-22,55,64.0,0.021592442645074206
482,Armenia,6302.0,77.0,2936.0,3289.0,2020-05-23,65,374.0,0.06309041835357632
483,Azerbaijan,3982.0,49.0,2506.0,1427.0,2020-05-23,58,127.0,0.03294422827496768
484,Georgia,728.0,12.0,509.0,207.0,2020-05-23,54,5.0,0.006915629322268302
485,Kazakhstan,7919.0,35.0,4214.0,3670.0,2020-05-23,58,0.0,0.0
486,Kyrgyzstan,1365.0,14.0,957.0,394.0,2020-05-23,53,15.0,0.011111111111111072
487,Tajikistan,2738.0,44.0,1223.0,1471.0,2020-05-23,20,187.0,0.07330458643669147
488,Uzbekistan,3115.0,13.0,2532.0,570.0,2020-05-23,56,87.0,0.028731836195508675
489,Armenia,6661.0,81.0,3064.0,3516.0,2020-05-24,66,359.0,0.0569660425261822
490,Azerbaijan,4122.0,49.0,2607.0,1466.0,2020-05-24,59,140.0,0.035158211953792096
491,Georgia,730.0,12.0,522.0,196.0,2020-05-24,55,2.0,0.0027472527472527375
492,Kazakhstan,8531.0,35.0,4352.0,4144.0,2020-05-24,59,612.0,0.07728248516226799
493,Kyrgyzstan,1403.0,14.0,980.0,409.0,2020-05-24,54,38.0,0.02783882783882774
494,Tajikistan,2929.0,46.0,1301.0,1582.0,2020-05-24,21,191.0,0.06975894813732642
495,Uzbekistan,3164.0,13.0,2565.0,586.0,2020-05-24,57,49.0,0.01573033707865168
496,Armenia,7113.0,87.0,3145.0,3881.0,2020-05-25,67,452.0,0.06785767902717299
497,Azerbaijan,4271.0,51.0,2741.0,1479.0,2020-05-25,60,149.0,0.036147501213003475
498,Georgia,731.0,12.0,526.0,193.0,2020-05-25,56,1.0,0.00136986301369868
499,Kazakhstan,8969.0,35.0,4515.0,4419.0,2020-05-25,60,438.0,0.05134216387293411
500,Kyrgyzstan,1433.0,16.0,992.0,425.0,2020-05-25,55,30.0,0.021382751247327247
501,Tajikistan,3100.0,46.0,1395.0,1659.0,2020-05-25,22,171.0,0.058381700238989476
502,Uzbekistan,3189.0,13.0,2607.0,569.0,2020-05-25,58,25.0,0.00790139064475337
503,Armenia,7402.0,91.0,3220.0,4091.0,2020-05-26,68,289.0,0.04062983270068887
504,Azerbaijan,4403.0,52.0,2819.0,1532.0,2020-05-26,61,132.0,0.030906110981034907
505,Georgia,732.0,12.0,537.0,183.0,2020-05-26,57,1.0,0.001367989056087593
506,Kazakhstan,8969.0,37.0,4613.0,4319.0,2020-05-26,61,0.0,0.0
507,Kyrgyzstan,1468.0,16.0,1015.0,437.0,2020-05-26,56,35.0,0.02442428471737612
508,Tajikistan,3266.0,47.0,1417.0,1802.0,2020-05-26,23,166.0,0.05354838709677412
509,Uzbekistan,3290.0,14.0,2636.0,640.0,2020-05-26,59,101.0,0.03167137033552847
510,Armenia,7774.0,98.0,3255.0,4421.0,2020-05-27,69,372.0,0.05025668738178868
511,Azerbaijan,4568.0,54.0,2897.0,1617.0,2020-05-27,62,165.0,0.037474449239155216
512,Georgia,735.0,12.0,557.0,166.0,2020-05-27,58,3.0,0.004098360655737654
513,Kazakhstan,9304.0,37.0,4768.0,4499.0,2020-05-27,62,335.0,0.03735087523692715
514,Kyrgyzstan,1520.0,16.0,1043.0,461.0,2020-05-27,57,52.0,0.03542234332425065
515,Tajikistan,3424.0,47.0,1575.0,1802.0,2020-05-27,24,158.0,0.048377219840783914
516,Uzbekistan,3369.0,14.0,2668.0,687.0,2020-05-27,60,79.0,0.02401215805471124
517,Armenia,8216.0,113.0,3287.0,4816.0,2020-05-28,70,442.0,0.05685618729096986
518,Azerbaijan,4759.0,56.0,3022.0,1681.0,2020-05-28,63,191.0,0.04181260945709275
519,Georgia,738.0,12.0,573.0,153.0,2020-05-28,59,3.0,0.004081632653061273
520,Kazakhstan,9576.0,37.0,4900.0,4639.0,2020-05-28,63,272.0,0.02923473774720553
521,Kyrgyzstan,1594.0,16.0,1066.0,512.0,2020-05-28,58,74.0,0.048684210526315885
522,Tajikistan,3563.0,47.0,1674.0,1842.0,2020-05-28,25,139.0,0.040595794392523255
523,Uzbekistan,3444.0,14.0,2694.0,736.0,2020-05-28,61,75.0,0.022261798753339335
524,Armenia,8676.0,120.0,3297.0,5259.0,2020-05-29,71,460.0,0.05598831548198646
525,Azerbaijan,4989.0,58.0,3125.0,1806.0,2020-05-29,64,230.0,0.04832948098339984
526,Georgia,746.0,12.0,576.0,158.0,2020-05-29,60,8.0,0.01084010840108407
527,Kazakhstan,9932.0,37.0,5057.0,4838.0,2020-05-29,64,356.0,0.037176274018379196
528,Kyrgyzstan,1662.0,16.0,1088.0,558.0,2020-05-29,59,68.0,0.042659974905897124
529,Tajikistan,3686.0,47.0,1769.0,1870.0,2020-05-29,26,123.0,0.03452147067078304
530,Uzbekistan,3468.0,14.0,2728.0,726.0,2020-05-29,62,24.0,0.006968641114982521
531,Armenia,8927.0,127.0,3317.0,5483.0,2020-05-30,72,251.0,0.028930382664822396
532,Azerbaijan,5246.0,61.0,3327.0,1858.0,2020-05-30,65,257.0,0.05151332932451402
533,Georgia,757.0,12.0,600.0,145.0,2020-05-30,61,11.0,0.014745308310991856
534,Kazakhstan,10382.0,38.0,5220.0,5124.0,2020-05-30,65,450.0,0.045308095046314945
535,Kyrgyzstan,1722.0,16.0,1113.0,593.0,2020-05-30,60,60.0,0.036101083032491044
536,Tajikistan,3807.0,47.0,1865.0,1895.0,2020-05-30,27,121.0,0.03282691264243076
537,Uzbekistan,3546.0,14.0,2783.0,749.0,2020-05-30,63,78.0,0.02249134948096887
538,Armenia,9282.0,131.0,3386.0,5765.0,2020-05-31,73,355.0,0.039766998991822566
539,Azerbaijan,5494.0,63.0,3428.0,2003.0,2020-05-31,66,248.0,0.04727411361036982
540,Georgia,783.0,12.0,605.0,166.0,2020-05-31,62,26.0,0.034346103038309206
541,Kazakhstan,10858.0,40.0,5404.0,5414.0,2020-05-31,66,476.0,0.045848584087844424
542,Kyrgyzstan,1748.0,16.0,1170.0,562.0,2020-05-31,61,26.0,0.015098722415795685
543,Tajikistan,3930.0,47.0,2004.0,1879.0,2020-05-31,28,123.0,0.03230890464933012
544,Uzbekistan,3623.0,15.0,2837.0,771.0,2020-05-31,64,77.0,0.02171460800902425
545,Armenia,9492.0,139.0,3402.0,5951.0,2020-06-01,74,210.0,0.02262443438914019
546,Azerbaijan,5662.0,68.0,3508.0,2086.0,2020-06-01,67,168.0,0.030578813250819126
547,Georgia,794.0,12.0,624.0,158.0,2020-06-01,63,11.0,0.01404853128991057
548,Kazakhstan,11308.0,41.0,5587.0,5680.0,2020-06-01,67,450.0,0.04144409651869596
549,Kyrgyzstan,1817.0,16.0,1181.0,620.0,2020-06-01,62,69.0,0.03947368421052633
550,Tajikistan,4013.0,47.0,2089.0,1877.0,2020-06-01,29,83.0,0.02111959287531806
551,Uzbekistan,3702.0,15.0,2859.0,828.0,2020-06-01,65,79.0,0.021805133866961146
552,Armenia,10009.0,158.0,3427.0,6424.0,2020-06-02,75,517.0,0.05446691951116733
553,Azerbaijan,5935.0,71.0,3564.0,2300.0,2020-06-02,68,273.0,0.04821617802896494
554,Georgia,796.0,13.0,634.0,149.0,2020-06-02,64,2.0,0.0025188916876575096
555,Kazakhstan,11571.0,44.0,5941.0,5586.0,2020-06-02,68,263.0,0.023257870534135083
556,Kyrgyzstan,1845.0,17.0,1219.0,609.0,2020-06-02,63,28.0,0.015410016510732039
557,Tajikistan,4100.0,47.0,2217.0,1836.0,2020-06-02,30,87.0,0.02167954149015694
558,Uzbekistan,3760.0,15.0,2908.0,837.0,2020-06-02,66,58.0,0.015667206915181087
559,Armenia,10524.0,170.0,3454.0,6900.0,2020-06-03,76,515.0,0.051453691677490365
560,Azerbaijan,6260.0,76.0,3665.0,2519.0,2020-06-03,69,325.0,0.05475989890480193
561,Georgia,800.0,13.0,640.0,147.0,2020-06-03,65,4.0,0.005025125628140614
562,Kazakhstan,12067.0,48.0,6240.0,5779.0,2020-06-03,69,496.0,0.04286578515253647
563,Kyrgyzstan,1871.0,20.0,1265.0,586.0,2020-06-03,64,26.0,0.014092140921409202
564,Tajikistan,4191.0,48.0,2347.0,1796.0,2020-06-03,31,91.0,0.022195121951219532
565,Uzbekistan,3843.0,16.0,3014.0,813.0,2020-06-03,67,83.0,0.02207446808510638
566,Armenia,11221.0,176.0,3468.0,7577.0,2020-06-04,77,697.0,0.06622957050551115
567,Azerbaijan,6522.0,78.0,3737.0,2707.0,2020-06-04,70,262.0,0.041853035143770034
568,Georgia,801.0,13.0,644.0,144.0,2020-06-04,66,1.0,0.0012499999999999734
569,Kazakhstan,12067.0,52.0,6606.0,5409.0,2020-06-04,70,0.0,0.0
570,Kyrgyzstan,1899.0,20.0,1292.0,587.0,2020-06-04,65,28.0,0.014965259219668736
571,Tajikistan,4289.0,48.0,2401.0,1840.0,2020-06-04,32,98.0,0.023383440706275405
572,Uzbekistan,3939.0,16.0,3087.0,836.0,2020-06-04,68,96.0,0.024980483996877467
573,Armenia,11817.0,183.0,3513.0,8121.0,2020-06-05,78,596.0,0.05311469565992333
574,Azerbaijan,6860.0,82.0,3871.0,2907.0,2020-06-05,71,338.0,0.05182459368291936
575,Georgia,805.0,13.0,650.0,142.0,2020-06-05,67,4.0,0.004993757802746579
576,Kazakhstan,12312.0,52.0,6903.0,5357.0,2020-06-05,71,245.0,0.020303306538493437
577,Kyrgyzstan,1936.0,22.0,1340.0,574.0,2020-06-05,66,37.0,0.0194839389152186
578,Tajikistan,4370.0,48.0,2491.0,1831.0,2020-06-05,33,81.0,0.01888552110048969
579,Uzbekistan,4007.0,16.0,3247.0,744.0,2020-06-05,69,68.0,0.01726326478801732
580,Armenia,12364.0,190.0,3720.0,8454.0,2020-06-06,79,547.0,0.04628924430904635
581,Azerbaijan,7239.0,84.0,4024.0,3131.0,2020-06-06,72,379.0,0.05524781341107876
582,Georgia,808.0,13.0,663.0,132.0,2020-06-06,68,3.0,0.003726708074534235
583,Kazakhstan,12511.0,53.0,7135.0,5323.0,2020-06-06,72,199.0,0.01616309291747897
584,Kyrgyzstan,1974.0,22.0,1360.0,592.0,2020-06-06,67,38.0,0.019628099173553792
585,Tajikistan,4453.0,48.0,2583.0,1822.0,2020-06-06,34,83.0,0.01899313501144162
586,Uzbekistan,4094.0,17.0,3268.0,809.0,2020-06-06,70,87.0,0.02171200399301232
587,Armenia,13130.0,200.0,4014.0,8916.0,2020-06-07,80,766.0,0.06195406017470084
588,Azerbaijan,7553.0,88.0,4149.0,3316.0,2020-06-07,73,314.0,0.04337615692775243
589,Georgia,809.0,13.0,674.0,122.0,2020-06-07,69,1.0,0.0012376237623761277
590,Kazakhstan,12694.0,56.0,7376.0,5262.0,2020-06-07,73,183.0,0.01462712812724809
591,Kyrgyzstan,2007.0,22.0,1425.0,560.0,2020-06-07,68,33.0,0.016717325227963542
592,Tajikistan,4529.0,48.0,2673.0,1808.0,2020-06-07,35,76.0,0.017067145744442014
593,Uzbekistan,4331.0,17.0,3354.0,960.0,2020-06-07,71,237.0,0.05788959452857845
594,Armenia,13325.0,211.0,4099.0,9015.0,2020-06-08,81,195.0,0.014851485148514865
595,Azerbaijan,7876.0,93.0,4377.0,3406.0,2020-06-08,74,323.0,0.042764464451211515
596,Georgia,812.0,13.0,683.0,116.0,2020-06-08,70,3.0,0.003708281829418958
597,Kazakhstan,12859.0,56.0,7376.0,5427.0,2020-06-08,74,165.0,0.012998266897746857
598,Kyrgyzstan,2032.0,23.0,1445.0,564.0,2020-06-08,69,25.0,0.012456402590931726
599,Tajikistan,4609.0,48.0,2763.0,1798.0,2020-06-08,36,80.0,0.017663943475380917
600,Uzbekistan,4440.0,18.0,3357.0,1065.0,2020-06-08,72,109.0,0.025167397829600535
601,Armenia,13675.0,217.0,4451.0,9007.0,2020-06-09,82,350.0,0.026266416510319024
602,Azerbaijan,8191.0,98.0,4606.0,3487.0,2020-06-09,75,315.0,0.03999492127983739
603,Georgia,818.0,13.0,686.0,119.0,2020-06-09,71,6.0,0.00738916256157629
604,Kazakhstan,13074.0,61.0,8015.0,4998.0,2020-06-09,75,215.0,0.016719807138968923
605,Kyrgyzstan,2055.0,24.0,1483.0,548.0,2020-06-09,70,23.0,0.011318897637795367
606,Tajikistan,4690.0,48.0,2815.0,1827.0,2020-06-09,37,81.0,0.01757431113039698
607,Uzbekistan,4520.0,18.0,3459.0,1043.0,2020-06-09,73,80.0,0.018018018018018056
608,Armenia,14103.0,227.0,5226.0,8650.0,2020-06-10,83,428.0,0.03129798903107872
609,Azerbaijan,8530.0,102.0,4720.0,3708.0,2020-06-10,76,339.0,0.041386888047857395
610,Georgia,827.0,13.0,690.0,124.0,2020-06-10,72,9.0,0.011002444987775029
611,Kazakhstan,13319.0,67.0,8345.0,4907.0,2020-06-10,76,245.0,0.018739482943246122
612,Kyrgyzstan,2093.0,26.0,1572.0,495.0,2020-06-10,71,38.0,0.018491484184914864
613,Tajikistan,4763.0,48.0,2947.0,1768.0,2020-06-10,38,73.0,0.015565031982942346
614,Uzbekistan,4623.0,19.0,3532.0,1072.0,2020-06-10,74,103.0,0.0227876106194691
615,Armenia,14669.0,245.0,5466.0,8958.0,2020-06-11,84,566.0,0.04013330497057366
616,Azerbaijan,8882.0,108.0,4930.0,3844.0,2020-06-11,77,352.0,0.041266119577960225
617,Georgia,831.0,13.0,694.0,124.0,2020-06-11,73,4.0,0.0048367593712213
618,Kazakhstan,13872.0,67.0,8593.0,5212.0,2020-06-11,77,553.0,0.04151963360612654
619,Kyrgyzstan,2166.0,26.0,1668.0,472.0,2020-06-11,72,73.0,0.03487816531294796
620,Tajikistan,4834.0,49.0,3062.0,1723.0,2020-06-11,39,71.0,0.014906571488557674
621,Uzbekistan,4741.0,19.0,3637.0,1085.0,2020-06-11,75,118.0,0.02552455115725727
622,Armenia,15281.0,258.0,5639.0,9384.0,2020-06-12,85,612.0,0.041720635353466484
623,Azerbaijan,9218.0,113.0,5116.0,3989.0,2020-06-12,78,336.0,0.03782931772123388
624,Georgia,843.0,13.0,697.0,133.0,2020-06-12,74,12.0,0.014440433212996373
625,Kazakhstan,13872.0,70.0,8829.0,4973.0,2020-06-12,78,0.0,0.0
626,Kyrgyzstan,2166.0,26.0,1668.0,472.0,2020-06-12,73,0.0,0.0
627,Tajikistan,4902.0,49.0,3158.0,1695.0,2020-06-12,40,68.0,0.014067025237898267
628,Uzbekistan,4869.0,19.0,3758.0,1092.0,2020-06-12,76,128.0,0.026998523518245054
629,Armenia,16004.0,264.0,6081.0,9659.0,2020-06-13,86,723.0,0.047313657483148974
630,Azerbaijan,9570.0,115.0,5309.0,4146.0,2020-06-13,79,352.0,0.038186157517899666
631,Georgia,851.0,14.0,702.0,135.0,2020-06-13,75,8.0,0.009489916963226541
632,Kazakhstan,14238.0,73.0,8829.0,5336.0,2020-06-13,79,366.0,0.02638408304498263
633,Kyrgyzstan,2207.0,27.0,1722.0,458.0,2020-06-13,74,41.0,0.018928901200369275
634,Tajikistan,4971.0,50.0,3288.0,1633.0,2020-06-13,41,69.0,0.014075887392900777
635,Uzbekistan,4966.0,19.0,3874.0,1073.0,2020-06-13,77,97.0,0.019921955226946064
636,Armenia,16667.0,269.0,6214.0,10184.0,2020-06-14,87,663.0,0.04142714321419638
637,Azerbaijan,9957.0,119.0,5583.0,4255.0,2020-06-14,80,387.0,0.04043887147335412
638,Georgia,864.0,14.0,703.0,147.0,2020-06-14,76,13.0,0.01527614571092828
639,Kazakhstan,14496.0,77.0,9188.0,5231.0,2020-06-14,80,258.0,0.018120522545301387
640,Kyrgyzstan,2285.0,27.0,1791.0,467.0,2020-06-14,75,78.0,0.03534209333937466
641,Tajikistan,5035.0,50.0,3409.0,1576.0,2020-06-14,42,64.0,0.012874673104003254
642,Uzbekistan,5080.0,19.0,3943.0,1118.0,2020-06-14,78,114.0,0.02295610149013294
643,Armenia,17064.0,285.0,6276.0,10503.0,2020-06-15,88,397.0,0.02381952360952777
644,Azerbaijan,10324.0,122.0,5739.0,4463.0,2020-06-15,81,367.0,0.036858491513508174
645,Georgia,879.0,14.0,704.0,161.0,2020-06-15,77,15.0,0.01736111111111116
646,Kazakhstan,15192.0,81.0,9388.0,5723.0,2020-06-15,81,696.0,0.04801324503311255
647,Kyrgyzstan,2472.0,28.0,1847.0,597.0,2020-06-15,76,187.0,0.08183807439824942
648,Tajikistan,5097.0,50.0,3503.0,1544.0,2020-06-15,43,62.0,0.01231380337636545
649,Uzbekistan,5263.0,19.0,4019.0,1225.0,2020-06-15,79,183.0,0.036023622047244075
650,Armenia,17489.0,293.0,6571.0,10625.0,2020-06-16,89,425.0,0.024906235349273276
651,Azerbaijan,10662.0,126.0,5948.0,4588.0,2020-06-16,82,338.0,0.03273924835335151
652,Georgia,879.0,14.0,724.0,141.0,2020-06-16,78,0.0,0.0
653,Kazakhstan,15542.0,88.0,9647.0,5807.0,2020-06-16,82,350.0,0.023038441284886746
654,Kyrgyzstan,2562.0,30.0,1902.0,630.0,2020-06-16,77,90.0,0.03640776699029136
655,Tajikistan,5160.0,50.0,3624.0,1486.0,2020-06-16,44,63.0,0.012360211889346662
656,Uzbekistan,5493.0,19.0,4096.0,1378.0,2020-06-16,80,230.0,0.04370131103933117
657,Armenia,18033.0,302.0,6814.0,10917.0,2020-06-17,90,544.0,0.031105266167305246
658,Azerbaijan,10991.0,133.0,6075.0,4783.0,2020-06-17,83,329.0,0.030857250046895546
659,Georgia,888.0,14.0,731.0,143.0,2020-06-17,79,9.0,0.010238907849829282
660,Kazakhstan,15877.0,97.0,9920.0,5860.0,2020-06-17,83,335.0,0.02155449749067051
661,Kyrgyzstan,2657.0,31.0,1933.0,693.0,2020-06-17,78,95.0,0.03708040593286488
662,Tajikistan,5221.0,51.0,3700.0,1470.0,2020-06-17,45,61.0,0.011821705426356521
663,Uzbekistan,5682.0,19.0,4131.0,1532.0,2020-06-17,81,189.0,0.034407427635172017
664,Armenia,18698.0,309.0,7560.0,10829.0,2020-06-18,91,665.0,0.036876836910109345
665,Azerbaijan,11329.0,139.0,6192.0,4998.0,2020-06-18,84,338.0,0.03075243380948045
666,Georgia,893.0,14.0,739.0,140.0,2020-06-18,80,5.0,0.005630630630630629
667,Kazakhstan,15877.0,100.0,10065.0,5712.0,2020-06-18,84,0.0,0.0
668,Kyrgyzstan,2657.0,31.0,1933.0,693.0,2020-06-18,79,0.0,0.0
669,Tajikistan,5279.0,51.0,3762.0,1466.0,2020-06-18,46,58.0,0.011108982953457192
670,Uzbekistan,5767.0,19.0,4166.0,1582.0,2020-06-18,82,85.0,0.014959521295318634
671,Armenia,19157.0,319.0,8266.0,10572.0,2020-06-19,92,459.0,0.024548080008557127
672,Azerbaijan,11767.0,143.0,6325.0,5299.0,2020-06-19,85,438.0,0.0386618412922588
673,Georgia,896.0,14.0,741.0,141.0,2020-06-19,81,3.0,0.0033594624860022737
674,Kazakhstan,16779.0,113.0,10411.0,6255.0,2020-06-19,85,902.0,0.05681174025319646
675,Kyrgyzstan,2789.0,32.0,1961.0,796.0,2020-06-19,80,132.0,0.04968009032743703
676,Tajikistan,5338.0,51.0,3830.0,1457.0,2020-06-19,47,59.0,0.01117635915893156
677,Uzbekistan,5946.0,19.0,4273.0,1654.0,2020-06-19,83,179.0,0.031038668285070292
678,Armenia,19708.0,332.0,8854.0,10522.0,2020-06-20,93,551.0,0.028762332306728533
679,Azerbaijan,12238.0,148.0,6516.0,5574.0,2020-06-20,86,471.0,0.040027194697034085
680,Georgia,898.0,14.0,752.0,132.0,2020-06-20,82,2.0,0.0022321428571427937
681,Kazakhstan,17225.0,118.0,10671.0,6436.0,2020-06-20,86,446.0,0.02658084510399905
682,Kyrgyzstan,2981.0,35.0,1981.0,965.0,2020-06-20,81,192.0,0.06884187880960924
683,Tajikistan,5399.0,52.0,3894.0,1453.0,2020-06-20,48,61.0,0.011427500936680435
684,Uzbekistan,6153.0,19.0,4290.0,1844.0,2020-06-20,84,207.0,0.03481331987891023
685,Armenia,20268.0,350.0,9002.0,10916.0,2020-06-21,94,560.0,0.028414856910899067
686,Azerbaijan,12729.0,154.0,6799.0,5776.0,2020-06-21,87,491.0,0.04012093479326695
687,Georgia,906.0,14.0,755.0,137.0,2020-06-21,83,8.0,0.008908685968819663
688,Kazakhstan,17732.0,120.0,10897.0,6715.0,2020-06-21,87,507.0,0.029433962264150848
689,Kyrgyzstan,3356.0,40.0,2021.0,1295.0,2020-06-21,82,375.0,0.12579671251257962
690,Tajikistan,5457.0,52.0,3995.0,1410.0,2020-06-21,49,58.0,0.010742730135210321
691,Uzbekistan,6315.0,19.0,4377.0,1919.0,2020-06-21,85,162.0,0.026328620185275486
692,Armenia,20588.0,360.0,9131.0,11097.0,2020-06-22,95,320.0,0.01578843497138349
693,Azerbaijan,13207.0,161.0,7168.0,5878.0,2020-06-22,88,478.0,0.037552046507973946
694,Georgia,908.0,14.0,761.0,133.0,2020-06-22,84,2.0,0.002207505518763808
695,Kazakhstan,18231.0,127.0,11158.0,6946.0,2020-06-22,88,499.0,0.028141213625084482
696,Kyrgyzstan,3356.0,40.0,2021.0,1295.0,2020-06-22,83,0.0,0.0
697,Tajikistan,5513.0,52.0,4039.0,1422.0,2020-06-22,50,56.0,0.010262048744731578
698,Uzbekistan,6461.0,19.0,4450.0,1992.0,2020-06-22,86,146.0,0.023119556611242986
699,Armenia,21006.0,372.0,10144.0,10490.0,2020-06-23,96,418.0,0.020303089178161926
700,Azerbaijan,13715.0,167.0,7503.0,6045.0,2020-06-23,89,508.0,0.03846445067009929
701,Georgia,911.0,14.0,768.0,129.0,2020-06-23,85,3.0,0.0033039647577093323
702,Kazakhstan,18765.0,134.0,11514.0,7117.0,2020-06-23,89,534.0,0.02929076847128509
703,Kyrgyzstan,3726.0,42.0,2082.0,1602.0,2020-06-23,84,370.0,0.11025029797377828
704,Tajikistan,5567.0,52.0,4109.0,1406.0,2020-06-23,51,54.0,0.009795029929258181
705,Uzbekistan,6662.0,19.0,4560.0,2083.0,2020-06-23,87,201.0,0.03110973533508754
706,Armenia,21717.0,386.0,10797.0,10534.0,2020-06-24,97,711.0,0.03384747215081396
707,Azerbaijan,14305.0,174.0,7768.0,6363.0,2020-06-24,90,590.0,0.04301859278162601
708,Georgia,914.0,14.0,771.0,129.0,2020-06-24,86,3.0,0.003293084522502765
709,Kazakhstan,19285.0,136.0,11882.0,7267.0,2020-06-24,90,520.0,0.027711164401811983
710,Kyrgyzstan,3954.0,43.0,2112.0,1799.0,2020-06-24,85,228.0,0.06119162640901776
711,Tajikistan,5630.0,52.0,4194.0,1384.0,2020-06-24,52,63.0,0.01131668762349558
712,Uzbekistan,6990.0,19.0,4685.0,2286.0,2020-06-24,88,328.0,0.04923446412488741
713,Armenia,22488.0,397.0,11335.0,10756.0,2020-06-25,98,771.0,0.03550214117972095
714,Azerbaijan,14852.0,180.0,8059.0,6613.0,2020-06-25,91,547.0,0.0382383781894442
715,Georgia,917.0,14.0,776.0,127.0,2020-06-25,87,3.0,0.003282275711159688
716,Kazakhstan,19750.0,140.0,12220.0,7390.0,2020-06-25,91,465.0,0.024112004148301835
717,Kyrgyzstan,4204.0,43.0,2162.0,1999.0,2020-06-25,86,250.0,0.06322711178553364
718,Tajikistan,5691.0,52.0,4267.0,1372.0,2020-06-25,53,61.0,0.010834813499111862
719,Uzbekistan,7177.0,20.0,4877.0,2280.0,2020-06-25,89,187.0,0.02675250357653791
720,Armenia,23247.0,410.0,12149.0,10688.0,2020-06-26,99,759.0,0.03375133404482389
721,Azerbaijan,15369.0,187.0,8364.0,6818.0,2020-06-26,92,517.0,0.034810126582278444
722,Georgia,919.0,14.0,780.0,125.0,2020-06-26,88,2.0,0.0021810250817884125
723,Kazakhstan,20319.0,150.0,12548.0,7621.0,2020-06-26,92,569.0,0.02881012658227844
724,Kyrgyzstan,4446.0,46.0,2194.0,2206.0,2020-06-26,87,242.0,0.057564224548049436
725,Tajikistan,5747.0,52.0,4331.0,1364.0,2020-06-26,54,56.0,0.009840098400984099
726,Uzbekistan,7427.0,20.0,5038.0,2369.0,2020-06-26,90,250.0,0.03483349588964746
727,Armenia,23909.0,421.0,12911.0,10577.0,2020-06-27,100,662.0,0.028476792704434928
728,Azerbaijan,15890.0,193.0,8719.0,6978.0,2020-06-27,93,521.0,0.033899407899017575
729,Georgia,921.0,14.0,781.0,126.0,2020-06-27,89,2.0,0.0021762785636560977
730,Kazakhstan,20319.0,166.0,12738.0,7415.0,2020-06-27,93,0.0,0.0
731,Kyrgyzstan,4513.0,46.0,2212.0,2255.0,2020-06-27,88,67.0,0.015069725596041472
732,Tajikistan,5799.0,52.0,4391.0,1356.0,2020-06-27,55,52.0,0.009048199060379236
733,Uzbekistan,7682.0,20.0,5240.0,2422.0,2020-06-27,91,255.0,0.034334186077824125
734,Armenia,24645.0,426.0,13116.0,11103.0,2020-06-28,101,736.0,0.030783387009076124
735,Azerbaijan,16424.0,198.0,9026.0,7200.0,2020-06-28,94,534.0,0.03360604153555702
736,Georgia,924.0,15.0,785.0,124.0,2020-06-28,90,3.0,0.0032573289902280145
737,Kazakhstan,21327.0,178.0,12933.0,8216.0,2020-06-28,94,1008.0,0.04960874058762732
738,Kyrgyzstan,5017.0,50.0,2294.0,2673.0,2020-06-28,89,504.0,0.11167737646798148
739,Tajikistan,5849.0,52.0,4448.0,1349.0,2020-06-28,56,50.0,0.00862217623728223
740,Uzbekistan,7948.0,22.0,5329.0,2597.0,2020-06-28,92,266.0,0.034626399375162764
741,Armenia,25127.0,433.0,13297.0,11397.0,2020-06-29,102,482.0,0.01955771961858388
742,Azerbaijan,16968.0,206.0,9369.0,7393.0,2020-06-29,95,544.0,0.03312226010716035
743,Georgia,926.0,15.0,791.0,120.0,2020-06-29,91,2.0,0.0021645021645022577
744,Kazakhstan,21819.0,188.0,13008.0,8623.0,2020-06-29,95,492.0,0.02306934871289923
745,Kyrgyzstan,5296.0,57.0,2370.0,2869.0,2020-06-29,90,279.0,0.05561092286226832
746,Tajikistan,5900.0,52.0,4506.0,1342.0,2020-06-29,57,51.0,0.008719439220379543
747,Uzbekistan,8222.0,23.0,5496.0,2703.0,2020-06-29,93,274.0,0.03447408152994469
